tfName	locusTag	proteinID	qSS	qSE	motifDescription	mSS	mSE	proteinSeq
comR	b1111	NP_415629.4	10	204	DNA-Binding-Region	41	60	MATDSTQCVKKSRGRPKVFDRDAALDKAMKLFWQHGYEATSLADLVEATGAKAPTLYAEFTNKEGLFRAVLDRYIDRFAAKHEAQLFCEEKSVESALADYFAAIANCFTSKDTPAGCFMINNCTTLSPDSGDIANTLKSRHAMQERTLQQFLCQRQARGEIPPHCDVTHLAEFLNCIIQGMSISAREGASLEKLMQIAGTTLRLWPELVK
comR	b1111	NP_415629.4	10	204	Conserved-Region	18	78	MATDSTQCVKKSRGRPKVFDRDAALDKAMKLFWQHGYEATSLADLVEATGAKAPTLYAEFTNKEGLFRAVLDRYIDRFAAKHEAQLFCEEKSVESALADYFAAIANCFTSKDTPAGCFMINNCTTLSPDSGDIANTLKSRHAMQERTLQQFLCQRQARGEIPPHCDVTHLAEFLNCIIQGMSISAREGASLEKLMQIAGTTLRLWPELVK
phoP	b1130	NP_415648.1	1	218	DNA-Binding-Region	124	222	MRVLVVEDNALLRHHLKVQIQDAGHQVDDAEDAKEADYYLNEHIPDIAIVDLGLPDEDGLSLIRRWRSNDVSLPILVLTARESWQDKVEVLSAGADDYVTKPFHIEEVMARMQALMRRNSGLASQVISLPPFQVDLSRRELSINDEVIKLTAFEYTIMETLIRNNGKVVSKDSLMLQLYPDAELRESHTIDVLMGRLRKKIQAQYPQEVITTVRGQGYLFELR
phoP	b1130	NP_415648.1	1	218	Conserved-Region	2	116	MRVLVVEDNALLRHHLKVQIQDAGHQVDDAEDAKEADYYLNEHIPDIAIVDLGLPDEDGLSLIRRWRSNDVSLPILVLTARESWQDKVEVLSAGADDYVTKPFHIEEVMARMQALMRRNSGLASQVISLPPFQVDLSRRELSINDEVIKLTAFEYTIMETLIRNNGKVVSKDSLMLQLYPDAELRESHTIDVLMGRLRKKIQAQYPQEVITTVRGQGYLFELR
puuR	b1299	NP_415815.1	9	185	DNA-Binding-Region	23	42	MSDEGLAPGKRLSEIRQQQGLSQRRAAELSGLTHSAISTIEQDKVSPAISTLQKLLKVYGLSLSEFFSEPEKPDEPQVVINQDDLIEMGSQGVSMKLVHNGNPNRTLAMIFETYQPGTTTGERIKHQGEEIGTVLEGEIVLTINGQDYHLVAGQSYAINTGIPHSFSNTSAGICRIISAHTPTTF
puuR	b1299	NP_415815.1	9	185	Conserved-Region	12	66	MSDEGLAPGKRLSEIRQQQGLSQRRAAELSGLTHSAISTIEQDKVSPAISTLQKLLKVYGLSLSEFFSEPEKPDEPQVVINQDDLIEMGSQGVSMKLVHNGNPNRTLAMIFETYQPGTTTGERIKHQGEEIGTVLEGEIVLTINGQDYHLVAGQSYAINTGIPHSFSNTSAGICRIISAHTPTTF
pgrR	b1328	NP_415844.1	1	297	DNA-Binding-Region	21	40	MKREEIADLMAFVVVAEERSFTRAAARLSMAQSALSQIVRRIEERLGLRLLTRTTRSVVPTEAGEHLLSVLGPMLHDIDSAMASLSDLQNRPSGTIRITTVEHAAKTILLPAMRTFLKSHPEIDIQLTIDYGLTDVVSERFDAGVRLGGEMDKDMIAIRIGPDIPMAIVGSPDYFSRRSVPTSVSQLIDHQAINLYLPTSGTANRWRLIRGGREVRVRMEGQLLLNTIDLIIDAAIDGHGLAYLPYDQVERAIKEKKLIRVLDKFTPDLPGYHLYYPHRRHAGSAFSLFIDRLKYKGAV
pgrR	b1328	NP_415844.1	1	297	Conserved-Region	4	61	MKREEIADLMAFVVVAEERSFTRAAARLSMAQSALSQIVRRIEERLGLRLLTRTTRSVVPTEAGEHLLSVLGPMLHDIDSAMASLSDLQNRPSGTIRITTVEHAAKTILLPAMRTFLKSHPEIDIQLTIDYGLTDVVSERFDAGVRLGGEMDKDMIAIRIGPDIPMAIVGSPDYFSRRSVPTSVSQLIDHQAINLYLPTSGTANRWRLIRGGREVRVRMEGQLLLNTIDLIIDAAIDGHGLAYLPYDQVERAIKEKKLIRVLDKFTPDLPGYHLYYPHRRHAGSAFSLFIDRLKYKGAV
fnr	b1334	NP_415850.1	50	244	DNA-Binding-Region	197	216	MIPEKRIIRRIQSGGCAIHCQDCSISQLCIPFTLNEHELDQLDNIIERKKPIQKGQTLFKAGDELKSLYAIRSGTIKSYTITEQGDEQITGFHLAGDLVGFDAIGSGHHPSFAQALETSMVCEIPFETLDDLSGKMPNLRQQMMRLMSGEIKGDQDMILLLSKKNAEERLAAFIYNLSRRFAQRGFSPREFRLTMTRGDIGNYLGLTVETISRLLGRFQKSGMLAVKGKYITIENNDALAQLAGHTRNVA
fnr	b1334	NP_415850.1	50	244	Conserved-Region	164	237	MIPEKRIIRRIQSGGCAIHCQDCSISQLCIPFTLNEHELDQLDNIIERKKPIQKGQTLFKAGDELKSLYAIRSGTIKSYTITEQGDEQITGFHLAGDLVGFDAIGSGHHPSFAQALETSMVCEIPFETLDDLSGKMPNLRQQMMRLMSGEIKGDQDMILLLSKKNAEERLAAFIYNLSRRFAQRGFSPREFRLTMTRGDIGNYLGLTVETISRLLGRFQKSGMLAVKGKYITIENNDALAQLAGHTRNVA
marR	b1530	NP_416047.4	38	143	Conserved-Region	11	144	MKSTSDLFNEIIPLGRLIHMVNQKKDRLLNEYLSPLDITAAQFKVLCSIRCAACITPVELKKVLSVDLGALTRMLDRLVCKGWVERLPNPNDKRGVLVKLTTGGAAICEQCHQLVGQDLHQELTKNLTADEVATLEYLLKKVLP
slyA	b1642	NP_416159.2	5	139	DNA-Binding-Region	49	72	MESPLGSDLARLVRIWRALIDHRLKPLELTQTHWVTLHNIHQLPPDQSQIQLAKAIGIEQPSLVRTLDQLEEKGLISRQTCASDRRAKRIKLTEKAEPLISEMEAVINKTRAEILHGISAEELEQLITLIAKLEHNIIELQAKG
slyA	b1642	NP_416159.2	5	139	Conserved-Region	2	135	MESPLGSDLARLVRIWRALIDHRLKPLELTQTHWVTLHNIHQLPPDQSQIQLAKAIGIEQPSLVRTLDQLEEKGLISRQTCASDRRAKRIKLTEKAEPLISEMEAVINKTRAEILHGISAEELEQLITLIAKLEHNIIELQAKG
purR	b1658	NP_416175.1	1	334	DNA-Binding-Region	48	56	MATIKDVAKRANVSTTTVSHVINKTRFVAEETRNAVWAAIKELHYSPSAVARSLKVNHTKSIGLLATSSEAAYFAEIIEAVEKNCFQKGYTLILGNAWNNLEKQRAYLSMMAQKRVDGLLVMCSEYPEPLLAMLEEYRHIPMVVMDWGEAKADFTDAVIDNAFEGGYMAGRYLIERGHREIGVIPGPLERNTGAGRLAGFMKAMEEAMIKVPESWIVQGDFEPESGYRAMQQILSQPHRPTAVFCGGDIMAMGALCAADEMGLRVPQDVSLIGYDNVRNARYFTPALTTIHQPKDSLGETAFNMLLDRIVNKREEPQSIEVHPRLIERRSVADGPFRDYRR
purR	b1658	NP_416175.1	1	334	DNA-Binding-Region	4	23	MATIKDVAKRANVSTTTVSHVINKTRFVAEETRNAVWAAIKELHYSPSAVARSLKVNHTKSIGLLATSSEAAYFAEIIEAVEKNCFQKGYTLILGNAWNNLEKQRAYLSMMAQKRVDGLLVMCSEYPEPLLAMLEEYRHIPMVVMDWGEAKADFTDAVIDNAFEGGYMAGRYLIERGHREIGVIPGPLERNTGAGRLAGFMKAMEEAMIKVPESWIVQGDFEPESGYRAMQQILSQPHRPTAVFCGGDIMAMGALCAADEMGLRVPQDVSLIGYDNVRNARYFTPALTTIHQPKDSLGETAFNMLLDRIVNKREEPQSIEVHPRLIERRSVADGPFRDYRR
purR	b1658	NP_416175.1	1	334	Conserved-Region	2	56	MATIKDVAKRANVSTTTVSHVINKTRFVAEETRNAVWAAIKELHYSPSAVARSLKVNHTKSIGLLATSSEAAYFAEIIEAVEKNCFQKGYTLILGNAWNNLEKQRAYLSMMAQKRVDGLLVMCSEYPEPLLAMLEEYRHIPMVVMDWGEAKADFTDAVIDNAFEGGYMAGRYLIERGHREIGVIPGPLERNTGAGRLAGFMKAMEEAMIKVPESWIVQGDFEPESGYRAMQQILSQPHRPTAVFCGGDIMAMGALCAADEMGLRVPQDVSLIGYDNVRNARYFTPALTTIHQPKDSLGETAFNMLLDRIVNKREEPQSIEVHPRLIERRSVADGPFRDYRR
ihfA	b1712	NP_416227.1	2	94	NA	NA	NA	MALTKAEMSEYLFDKLGLSKRDAKELVELFFEEIRRALENGEQVKLSGFGNFDLRDKNQRPGRNPKTGEDIPITARRVVTFRPGQKLKSRVENASPKDE
nimR	b1790	NP_416304.1	32	256	DNA-Binding-Region	225	248	MMHRLNLNGYEPDRHHEAAVAFCIHAGTDELTSPVHQHRKGQLILALHGAITCTVENALWMVPPQYAVWIPGGVEHSNQVTANAELCFLFIEPSAVTMPTTCCTLKISPLCRELILTLANRTTTQRAEPMTRRLIQVLFDELPQQPQQQLHLPVSSHPKIRTMVEMMAKGPVEWGALGQWAGFFAMSERNLARLIVKETGLSFRQWRQQLQLIMALQGLVKGDTVQKVAHTLGYDSTTAFITMFKKGLGQTPGRYIARLTTVSPQSAKPDPRQ
nimR	b1790	NP_416304.1	32	256	DNA-Binding-Region	178	199	MMHRLNLNGYEPDRHHEAAVAFCIHAGTDELTSPVHQHRKGQLILALHGAITCTVENALWMVPPQYAVWIPGGVEHSNQVTANAELCFLFIEPSAVTMPTTCCTLKISPLCRELILTLANRTTTQRAEPMTRRLIQVLFDELPQQPQQQLHLPVSSHPKIRTMVEMMAKGPVEWGALGQWAGFFAMSERNLARLIVKETGLSFRQWRQQLQLIMALQGLVKGDTVQKVAHTLGYDSTTAFITMFKKGLGQTPGRYIARLTTVSPQSAKPDPRQ
nimR	b1790	NP_416304.1	32	256	Conserved-Region	158	258	MMHRLNLNGYEPDRHHEAAVAFCIHAGTDELTSPVHQHRKGQLILALHGAITCTVENALWMVPPQYAVWIPGGVEHSNQVTANAELCFLFIEPSAVTMPTTCCTLKISPLCRELILTLANRTTTQRAEPMTRRLIQVLFDELPQQPQQQLHLPVSSHPKIRTMVEMMAKGPVEWGALGQWAGFFAMSERNLARLIVKETGLSFRQWRQQLQLIMALQGLVKGDTVQKVAHTLGYDSTTAFITMFKKGLGQTPGRYIARLTTVSPQSAKPDPRQ
yebK	b1853	NP_416367.1	1	284	DNA-Binding-Region	37	56	MNMLEKIQSQLEHLSKSERKVAEVILASPDNAIHSSIAAMALEANVSEPTVNRFCRSMDTRGFPDFKLHLAQSLANGTPYVNRNVNEDDSVESYTGKIFESAMATLDHVRHSLDKSAINRAVDLLTQAKKIAFFGLGSSAAVAHDAMNKFFRFNVPVVYSDDIVLQRMSCMNCSDGDVVVLISHTGRTKNLVELAQLARENDAMVIALTSAGTPLAREATLAITLDVPEDTDIYMPMVSRLAQLTVIDVLATGFTLRRGAKFRDNLKRVKEALKESRFDKQLLNLSDDR
yebK	b1853	NP_416367.1	1	284	Conserved-Region	121	260	MNMLEKIQSQLEHLSKSERKVAEVILASPDNAIHSSIAAMALEANVSEPTVNRFCRSMDTRGFPDFKLHLAQSLANGTPYVNRNVNEDDSVESYTGKIFESAMATLDHVRHSLDKSAINRAVDLLTQAKKIAFFGLGSSAAVAHDAMNKFFRFNVPVVYSDDIVLQRMSCMNCSDGDVVVLISHTGRTKNLVELAQLARENDAMVIALTSAGTPLAREATLAITLDVPEDTDIYMPMVSRLAQLTVIDVLATGFTLRRGAKFRDNLKRVKEALKESRFDKQLLNLSDDR
yebK	b1853	NP_416367.1	1	284	Conserved-Region	1	77	MNMLEKIQSQLEHLSKSERKVAEVILASPDNAIHSSIAAMALEANVSEPTVNRFCRSMDTRGFPDFKLHLAQSLANGTPYVNRNVNEDDSVESYTGKIFESAMATLDHVRHSLDKSAINRAVDLLTQAKKIAFFGLGSSAAVAHDAMNKFFRFNVPVVYSDDIVLQRMSCMNCSDGDVVVLISHTGRTKNLVELAQLARENDAMVIALTSAGTPLAREATLAITLDVPEDTDIYMPMVSRLAQLTVIDVLATGFTLRRGAKFRDNLKRVKEALKESRFDKQLLNLSDDR
uvrY	b1914	NP_416424.1	2	199	DNA-Binding-Region	167	186	MINVLLVDDHELVRAGIRRILEDIKGIKVVGEASCGEDAVKWCRTNAVDVVLMDMSMPGIGGLEATRKIARSTADVKIIMLTVHTENPLPAKVMQAGAAGYLSKGAAPQEVVSAIRSVYSGQRYIASDIAQQMALSQIEPEKTESPFASLSERELQIMLMITKGQKVNEISEQLNLSPKTVNSYRYRMFSKLNIHGDVELTHLAIRHGLCNAETLSSQ
uvrY	b1914	NP_416424.1	2	199	Conserved-Region	143	208	MINVLLVDDHELVRAGIRRILEDIKGIKVVGEASCGEDAVKWCRTNAVDVVLMDMSMPGIGGLEATRKIARSTADVKIIMLTVHTENPLPAKVMQAGAAGYLSKGAAPQEVVSAIRSVYSGQRYIASDIAQQMALSQIEPEKTESPFASLSERELQIMLMITKGQKVNEISEQLNLSPKTVNSYRYRMFSKLNIHGDVELTHLAIRHGLCNAETLSSQ
uvrY	b1914	NP_416424.1	2	199	Conserved-Region	3	119	MINVLLVDDHELVRAGIRRILEDIKGIKVVGEASCGEDAVKWCRTNAVDVVLMDMSMPGIGGLEATRKIARSTADVKIIMLTVHTENPLPAKVMQAGAAGYLSKGAAPQEVVSAIRSVYSGQRYIASDIAQQMALSQIEPEKTESPFASLSERELQIMLMITKGQKVNEISEQLNLSPKTVNSYRYRMFSKLNIHGDVELTHLAIRHGLCNAETLSSQ
nac	b1988	NP_416493.1	1	290	DNA-Binding-Region	18	37	MNFRRLKYFVKIVDIGSLTQAAEVLHIAQPALSQQVATLEGELNQQLLIRTKRGVTPTDAGKILYTHARAILRQCEQAQLAVHNVGQALSGQVSIGFAPGTAASSITMPLLQAVRAEFPEIVIYLHENSGAVLNEKLINHQLDMAVIYEHSPVAGVSSQALLKEDLFLVGTQDCPGQSVDVNAIAQMNLFLPSDYSAIRLRVDEAFSLRRLTAKVIGEIESIATLTAAIASGMGVAVLPESAARSLCGAVNGWMSRITTPSMSLSLSLNLPARANLSPQAQAVKELLMSVISSPVMEKRQWQLVS
nac	b1988	NP_416493.1	1	290	Conserved-Region	1	58	MNFRRLKYFVKIVDIGSLTQAAEVLHIAQPALSQQVATLEGELNQQLLIRTKRGVTPTDAGKILYTHARAILRQCEQAQLAVHNVGQALSGQVSIGFAPGTAASSITMPLLQAVRAEFPEIVIYLHENSGAVLNEKLINHQLDMAVIYEHSPVAGVSSQALLKEDLFLVGTQDCPGQSVDVNAIAQMNLFLPSDYSAIRLRVDEAFSLRRLTAKVIGEIESIATLTAAIASGMGVAVLPESAARSLCGAVNGWMSRITTPSMSLSLSLNLPARANLSPQAQAVKELLMSVISSPVMEKRQWQLVS
yefM	b2017	NP_416521.2	1	80	NA	NA	NA	MRTISYSEARQNLSATMMKAVEDHAPILITRQNGEACVLMSLEEYNSLEETAYLLRSPANARRLMDSIDSLKSGKGTEKDIIE
baeR	b2079	NP_416583.1	10	238	Conserved-Region	12	125	MTELPIDENTPRILIVEDEPKLGQLLIDYLRAASYAPTLISHGDQVLPYVRQTPPDLILLDLMLPGTDGLTLCREIRRFSDIPIVMVTAKIEEIDRLLGLEIGADDYICKPYSPREVVARVKTILRRCKPQRELQQQDAESPLIIDEGRFQASWRGKMLDLTPAEFRLLKTLSHEPGKVFSREQLLNHLYDDYRVVTDRTIDSHIKNLRRKLESLDAEQSFIRAVYGVGYRWEADACRIV
baeR	b2079	NP_416583.1	10	238	DNA-Binding-Region	131	234	MTELPIDENTPRILIVEDEPKLGQLLIDYLRAASYAPTLISHGDQVLPYVRQTPPDLILLDLMLPGTDGLTLCREIRRFSDIPIVMVTAKIEEIDRLLGLEIGADDYICKPYSPREVVARVKTILRRCKPQRELQQQDAESPLIIDEGRFQASWRGKMLDLTPAEFRLLKTLSHEPGKVFSREQLLNHLYDDYRVVTDRTIDSHIKNLRRKLESLDAEQSFIRAVYGVGYRWEADACRIV
baeR	b2079	NP_416583.1	10	238	Conserved-Region	12	125	MTELPIDENTPRILIVEDEPKLGQLLIDYLRAASYAPTLISHGDQVLPYVRQTPPDLILLDLMLPGTDGLTLCREIRRFSDIPIVMVTAKIEEIDRLLGLEIGADDYICKPYSPREVVARVKTILRRCKPQRELQQQDAESPLIIDEGRFQASWRGKMLDLTPAEFRLLKTLSHEPGKVFSREQLLNHLYDDYRVVTDRTIDSHIKNLRRKLESLDAEQSFIRAVYGVGYRWEADACRIV
baeR	b2079	NP_416583.1	10	238	Conserved-Region	12	125	MTELPIDENTPRILIVEDEPKLGQLLIDYLRAASYAPTLISHGDQVLPYVRQTPPDLILLDLMLPGTDGLTLCREIRRFSDIPIVMVTAKIEEIDRLLGLEIGADDYICKPYSPREVVARVKTILRRCKPQRELQQQDAESPLIIDEGRFQASWRGKMLDLTPAEFRLLKTLSHEPGKVFSREQLLNHLYDDYRVVTDRTIDSHIKNLRRKLESLDAEQSFIRAVYGVGYRWEADACRIV
baeR	b2079	NP_416583.1	10	238	DNA-Binding-Region	131	234	MTELPIDENTPRILIVEDEPKLGQLLIDYLRAASYAPTLISHGDQVLPYVRQTPPDLILLDLMLPGTDGLTLCREIRRFSDIPIVMVTAKIEEIDRLLGLEIGADDYICKPYSPREVVARVKTILRRCKPQRELQQQDAESPLIIDEGRFQASWRGKMLDLTPAEFRLLKTLSHEPGKVFSREQLLNHLYDDYRVVTDRTIDSHIKNLRRKLESLDAEQSFIRAVYGVGYRWEADACRIV
baeR	b2079	NP_416583.1	10	238	Conserved-Region	12	125	MTELPIDENTPRILIVEDEPKLGQLLIDYLRAASYAPTLISHGDQVLPYVRQTPPDLILLDLMLPGTDGLTLCREIRRFSDIPIVMVTAKIEEIDRLLGLEIGADDYICKPYSPREVVARVKTILRRCKPQRELQQQDAESPLIIDEGRFQASWRGKMLDLTPAEFRLLKTLSHEPGKVFSREQLLNHLYDDYRVVTDRTIDSHIKNLRRKLESLDAEQSFIRAVYGVGYRWEADACRIV
narP	b2193	NP_416697.1	1	198	DNA-Binding-Region	171	190	MPEATPFQVMIVDDHPLMRRGVRQLLELDPGSEVVAEAGDGASAIDLANRLDIDVILLDLNMKGMSGLDTLNALRRDGVTAQIIILTVSDASSDVFALIDAGADGYLLKDSDPEVLLEAIRAGAKGSKVFSERVNQYLREREMFGAEEDPFSVLTERELDVLHELAQGLSNKQIASVLNISEQTVKVHIRNLLRKLNVRSRVAATILFLQQRGAQ
narP	b2193	NP_416697.1	1	198	Conserved-Region	147	212	MPEATPFQVMIVDDHPLMRRGVRQLLELDPGSEVVAEAGDGASAIDLANRLDIDVILLDLNMKGMSGLDTLNALRRDGVTAQIIILTVSDASSDVFALIDAGADGYLLKDSDPEVLLEAIRAGAKGSKVFSERVNQYLREREMFGAEEDPFSVLTERELDVLHELAQGLSNKQIASVLNISEQTVKVHIRNLLRKLNVRSRVAATILFLQQRGAQ
narP	b2193	NP_416697.1	1	198	Conserved-Region	8	124	MPEATPFQVMIVDDHPLMRRGVRQLLELDPGSEVVAEAGDGASAIDLANRLDIDVILLDLNMKGMSGLDTLNALRRDGVTAQIIILTVSDASSDVFALIDAGADGYLLKDSDPEVLLEAIRAGAKGSKVFSERVNQYLREREMFGAEEDPFSVLTERELDVLHELAQGLSNKQIASVLNISEQTVKVHIRNLLRKLNVRSRVAATILFLQQRGAQ
ada	b2213	NP_416717.1	9	348	DNA-Binding-Region	102	121	MKKATCLTDDQRWQSVLARDPNADGEFVFAVRTTGIFCRPSCRARHALRENVSFYANASEALAAGFRPCKRCQPEKANAQQHRLDKITHACRLLEQETPVTLEALADQVAMSPFHLHRLFKATTGMTPKAWQQAWRARRLRESLAKGESVTTSILNAGFPDSSSYYRKADETLGMTAKQFRHGGENLAVRYALADCELGRCLVAESERGICAILLGDDDATLISELQQMFPAADNAPADLMFQQHVREVIASLNQRDTPLTLPLDIRGTAFQQQVWQALRTIPCGETVSYQQLANAIGKPKAVRAVASACAANKLAIIIPCHRVVRGDGTLSGYRWGVSRKAQLLRREAENEER
ada	b2213	NP_416717.1	9	348	Conserved-Region	85	183	MKKATCLTDDQRWQSVLARDPNADGEFVFAVRTTGIFCRPSCRARHALRENVSFYANASEALAAGFRPCKRCQPEKANAQQHRLDKITHACRLLEQETPVTLEALADQVAMSPFHLHRLFKATTGMTPKAWQQAWRARRLRESLAKGESVTTSILNAGFPDSSSYYRKADETLGMTAKQFRHGGENLAVRYALADCELGRCLVAESERGICAILLGDDDATLISELQQMFPAADNAPADLMFQQHVREVIASLNQRDTPLTLPLDIRGTAFQQQVWQALRTIPCGETVSYQQLANAIGKPKAVRAVASACAANKLAIIIPCHRVVRGDGTLSGYRWGVSRKAQLLRREAENEER
atoC	b2220	NP_416724.1	1	458	Nucleotide-Phosphate-Binding-Region	173	180	MTAINRILIVDDEDNVRRMLSTAFALQGFETHCANNGRTALHLFADIHPDVVLMDIRMPEMDGIKALKEMRSHETRTPVILMTAYAEVETAVEALRCGAFDYVIKPFDLDELNLIVQRALQLQSMKKEIRHLHQALSTSWQWGHILTNSPAMMDICKDTAKIALSQASVLISGESGTGKELIARAIHYNSRRAKGPFIKVNCAALPESLLESELFGHEKGAFTGAQTLRQGLFERANEGTLLLDEIGEMPLVLQAKLLRILQEREFERIGGHQTIKVDIRIIAATNRDLQAMVKEGTFREDLFYRLNVIHLILPPLRDRREDISLLANHFLQKFSSENQRDIIDIDPMAMSLLTAWSWPGNIRELSNVIERAVVMNSGPIIFSEDLPPQIRQPVCNAGEVKTAPVGERNLKEEIKRVEKRIIMEVLEQQEGNRTRTALMLGISRRALMYKLQEYGIDPADV
atoC	b2220	NP_416724.1	1	458	DNA-Binding-Region	433	452	MTAINRILIVDDEDNVRRMLSTAFALQGFETHCANNGRTALHLFADIHPDVVLMDIRMPEMDGIKALKEMRSHETRTPVILMTAYAEVETAVEALRCGAFDYVIKPFDLDELNLIVQRALQLQSMKKEIRHLHQALSTSWQWGHILTNSPAMMDICKDTAKIALSQASVLISGESGTGKELIARAIHYNSRRAKGPFIKVNCAALPESLLESELFGHEKGAFTGAQTLRQGLFERANEGTLLLDEIGEMPLVLQAKLLRILQEREFERIGGHQTIKVDIRIIAATNRDLQAMVKEGTFREDLFYRLNVIHLILPPLRDRREDISLLANHFLQKFSSENQRDIIDIDPMAMSLLTAWSWPGNIRELSNVIERAVVMNSGPIIFSEDLPPQIRQPVCNAGEVKTAPVGERNLKEEIKRVEKRIIMEVLEQQEGNRTRTALMLGISRRALMYKLQEYGIDPADV
atoC	b2220	NP_416724.1	1	458	Nucleotide-Phosphate-Binding-Region	236	245	MTAINRILIVDDEDNVRRMLSTAFALQGFETHCANNGRTALHLFADIHPDVVLMDIRMPEMDGIKALKEMRSHETRTPVILMTAYAEVETAVEALRCGAFDYVIKPFDLDELNLIVQRALQLQSMKKEIRHLHQALSTSWQWGHILTNSPAMMDICKDTAKIALSQASVLISGESGTGKELIARAIHYNSRRAKGPFIKVNCAALPESLLESELFGHEKGAFTGAQTLRQGLFERANEGTLLLDEIGEMPLVLQAKLLRILQEREFERIGGHQTIKVDIRIIAATNRDLQAMVKEGTFREDLFYRLNVIHLILPPLRDRREDISLLANHFLQKFSSENQRDIIDIDPMAMSLLTAWSWPGNIRELSNVIERAVVMNSGPIIFSEDLPPQIRQPVCNAGEVKTAPVGERNLKEEIKRVEKRIIMEVLEQQEGNRTRTALMLGISRRALMYKLQEYGIDPADV
atoC	b2220	NP_416724.1	1	458	Conserved-Region	145	374	MTAINRILIVDDEDNVRRMLSTAFALQGFETHCANNGRTALHLFADIHPDVVLMDIRMPEMDGIKALKEMRSHETRTPVILMTAYAEVETAVEALRCGAFDYVIKPFDLDELNLIVQRALQLQSMKKEIRHLHQALSTSWQWGHILTNSPAMMDICKDTAKIALSQASVLISGESGTGKELIARAIHYNSRRAKGPFIKVNCAALPESLLESELFGHEKGAFTGAQTLRQGLFERANEGTLLLDEIGEMPLVLQAKLLRILQEREFERIGGHQTIKVDIRIIAATNRDLQAMVKEGTFREDLFYRLNVIHLILPPLRDRREDISLLANHFLQKFSSENQRDIIDIDPMAMSLLTAWSWPGNIRELSNVIERAVVMNSGPIIFSEDLPPQIRQPVCNAGEVKTAPVGERNLKEEIKRVEKRIIMEVLEQQEGNRTRTALMLGISRRALMYKLQEYGIDPADV
atoC	b2220	NP_416724.1	1	458	Conserved-Region	6	120	MTAINRILIVDDEDNVRRMLSTAFALQGFETHCANNGRTALHLFADIHPDVVLMDIRMPEMDGIKALKEMRSHETRTPVILMTAYAEVETAVEALRCGAFDYVIKPFDLDELNLIVQRALQLQSMKKEIRHLHQALSTSWQWGHILTNSPAMMDICKDTAKIALSQASVLISGESGTGKELIARAIHYNSRRAKGPFIKVNCAALPESLLESELFGHEKGAFTGAQTLRQGLFERANEGTLLLDEIGEMPLVLQAKLLRILQEREFERIGGHQTIKVDIRIIAATNRDLQAMVKEGTFREDLFYRLNVIHLILPPLRDRREDISLLANHFLQKFSSENQRDIIDIDPMAMSLLTAWSWPGNIRELSNVIERAVVMNSGPIIFSEDLPPQIRQPVCNAGEVKTAPVGERNLKEEIKRVEKRIIMEVLEQQEGNRTRTALMLGISRRALMYKLQEYGIDPADV
lrhA	b2289	NP_416792.1	11	280	DNA-Binding-Region	28	47	MISANRPIINLDLDLLRTFVAVADLNTFAAAAAAVCRTQSAVSQQMQRLEQLVGKELFARHGRNKLLTEHGIQLLGYARKILRFNDEACSSLMFSNLQGVLTIGASDESADTILPFLLNRVSSVYPKLALDVRVKRNAYMAEMLESQEVDLMVTTHRPSAFKALNLRTSPTHWYCAAEYILQKGEPIPLVLLDDPSPFRDMVLATLNKADIPWRLAYVASTLPAVRAAVKAGLGVTARPVEMMSPDLRVLSGVDGLPPLPDTEYLLCYDPSSNNELAQVIYQAMESYHNPWQYSPMSAPEGDDSLLIERDIE
lrhA	b2289	NP_416792.1	11	280	Conserved-Region	11	68	MISANRPIINLDLDLLRTFVAVADLNTFAAAAAAVCRTQSAVSQQMQRLEQLVGKELFARHGRNKLLTEHGIQLLGYARKILRFNDEACSSLMFSNLQGVLTIGASDESADTILPFLLNRVSSVYPKLALDVRVKRNAYMAEMLESQEVDLMVTTHRPSAFKALNLRTSPTHWYCAAEYILQKGEPIPLVLLDDPSPFRDMVLATLNKADIPWRLAYVASTLPAVRAAVKAGLGVTARPVEMMSPDLRVLSGVDGLPPLPDTEYLLCYDPSSNNELAQVIYQAMESYHNPWQYSPMSAPEGDDSLLIERDIE
hyfR	b2491	NP_416986.4	344	583	DNA-Binding-Region	641	660	MAMSDEAMFAPPQGITIEAVNGMLAERLAQKHGKASLLRAFIPLPPPFSPVQLIELHVLKSNFYYRYHDDGSDVTATTEYQGEMVDYSRHAVLLGSSGMAELRFIRTHGSRFTSQDCTLFNWLARIITPVLQSWLNDEEQQVALRLLEKDRDHHRVLVDITNAVLSHLDLDDLIADVAREIHHFFGLASVSMVLGDHRKNEKFSLWCSDLSASHCACLPRCMPGESVLLTQTLQTRQPTLTHRADDLFLWQRDPLLLLLASNGCESALLIPLTFGNHTPGALLLAHTSSTLFSEENCQLLQHIADRIAIAVGNADAWRSMTDLQESLQQENHQLSEQLLSNLGIGDIIYQSQAMEDLLQQVDIVAKSDSTVLICGETGTGKEVIARAIHQLSPRRDKPLVKINCAAIPASLLESELFGHDKGAFTGAINTHRGRFEIADGGTLFLDEIGDLPLELQPKLLRVLQEREIERLGGSRTIPVNVRVIAATNRDLWQMVEDRQFRSDLFYRLNVFPLELPPLRDRPEDIPLLAKHFTQKMARHMNRAIDAIPTEALRQLMSWDWPGNVRELENVIERAVLLTRGNSLNLHLNVRQSRLLPTLNEDSALRSSMAQLLHPTTPENDEEERQRIVQVLRETNGIVAGPRGAATRLGMKRTTLLSRMQRLGISVREVL
hyfR	b2491	NP_416986.4	344	583	Nucleotide-Phosphate-Binding-Region	438	447	MAMSDEAMFAPPQGITIEAVNGMLAERLAQKHGKASLLRAFIPLPPPFSPVQLIELHVLKSNFYYRYHDDGSDVTATTEYQGEMVDYSRHAVLLGSSGMAELRFIRTHGSRFTSQDCTLFNWLARIITPVLQSWLNDEEQQVALRLLEKDRDHHRVLVDITNAVLSHLDLDDLIADVAREIHHFFGLASVSMVLGDHRKNEKFSLWCSDLSASHCACLPRCMPGESVLLTQTLQTRQPTLTHRADDLFLWQRDPLLLLLASNGCESALLIPLTFGNHTPGALLLAHTSSTLFSEENCQLLQHIADRIAIAVGNADAWRSMTDLQESLQQENHQLSEQLLSNLGIGDIIYQSQAMEDLLQQVDIVAKSDSTVLICGETGTGKEVIARAIHQLSPRRDKPLVKINCAAIPASLLESELFGHDKGAFTGAINTHRGRFEIADGGTLFLDEIGDLPLELQPKLLRVLQEREIERLGGSRTIPVNVRVIAATNRDLWQMVEDRQFRSDLFYRLNVFPLELPPLRDRPEDIPLLAKHFTQKMARHMNRAIDAIPTEALRQLMSWDWPGNVRELENVIERAVLLTRGNSLNLHLNVRQSRLLPTLNEDSALRSSMAQLLHPTTPENDEEERQRIVQVLRETNGIVAGPRGAATRLGMKRTTLLSRMQRLGISVREVL
hyfR	b2491	NP_416986.4	344	583	Nucleotide-Phosphate-Binding-Region	375	382	MAMSDEAMFAPPQGITIEAVNGMLAERLAQKHGKASLLRAFIPLPPPFSPVQLIELHVLKSNFYYRYHDDGSDVTATTEYQGEMVDYSRHAVLLGSSGMAELRFIRTHGSRFTSQDCTLFNWLARIITPVLQSWLNDEEQQVALRLLEKDRDHHRVLVDITNAVLSHLDLDDLIADVAREIHHFFGLASVSMVLGDHRKNEKFSLWCSDLSASHCACLPRCMPGESVLLTQTLQTRQPTLTHRADDLFLWQRDPLLLLLASNGCESALLIPLTFGNHTPGALLLAHTSSTLFSEENCQLLQHIADRIAIAVGNADAWRSMTDLQESLQQENHQLSEQLLSNLGIGDIIYQSQAMEDLLQQVDIVAKSDSTVLICGETGTGKEVIARAIHQLSPRRDKPLVKINCAAIPASLLESELFGHDKGAFTGAINTHRGRFEIADGGTLFLDEIGDLPLELQPKLLRVLQEREIERLGGSRTIPVNVRVIAATNRDLWQMVEDRQFRSDLFYRLNVFPLELPPLRDRPEDIPLLAKHFTQKMARHMNRAIDAIPTEALRQLMSWDWPGNVRELENVIERAVLLTRGNSLNLHLNVRQSRLLPTLNEDSALRSSMAQLLHPTTPENDEEERQRIVQVLRETNGIVAGPRGAATRLGMKRTTLLSRMQRLGISVREVL
hyfR	b2491	NP_416986.4	344	583	Conserved-Region	347	576	MAMSDEAMFAPPQGITIEAVNGMLAERLAQKHGKASLLRAFIPLPPPFSPVQLIELHVLKSNFYYRYHDDGSDVTATTEYQGEMVDYSRHAVLLGSSGMAELRFIRTHGSRFTSQDCTLFNWLARIITPVLQSWLNDEEQQVALRLLEKDRDHHRVLVDITNAVLSHLDLDDLIADVAREIHHFFGLASVSMVLGDHRKNEKFSLWCSDLSASHCACLPRCMPGESVLLTQTLQTRQPTLTHRADDLFLWQRDPLLLLLASNGCESALLIPLTFGNHTPGALLLAHTSSTLFSEENCQLLQHIADRIAIAVGNADAWRSMTDLQESLQQENHQLSEQLLSNLGIGDIIYQSQAMEDLLQQVDIVAKSDSTVLICGETGTGKEVIARAIHQLSPRRDKPLVKINCAAIPASLLESELFGHDKGAFTGAINTHRGRFEIADGGTLFLDEIGDLPLELQPKLLRVLQEREIERLGGSRTIPVNVRVIAATNRDLWQMVEDRQFRSDLFYRLNVFPLELPPLRDRPEDIPLLAKHFTQKMARHMNRAIDAIPTEALRQLMSWDWPGNVRELENVIERAVLLTRGNSLNLHLNVRQSRLLPTLNEDSALRSSMAQLLHPTTPENDEEERQRIVQVLRETNGIVAGPRGAATRLGMKRTTLLSRMQRLGISVREVL
hyfR	b2491	NP_416986.4	344	583	Conserved-Region	169	311	MAMSDEAMFAPPQGITIEAVNGMLAERLAQKHGKASLLRAFIPLPPPFSPVQLIELHVLKSNFYYRYHDDGSDVTATTEYQGEMVDYSRHAVLLGSSGMAELRFIRTHGSRFTSQDCTLFNWLARIITPVLQSWLNDEEQQVALRLLEKDRDHHRVLVDITNAVLSHLDLDDLIADVAREIHHFFGLASVSMVLGDHRKNEKFSLWCSDLSASHCACLPRCMPGESVLLTQTLQTRQPTLTHRADDLFLWQRDPLLLLLASNGCESALLIPLTFGNHTPGALLLAHTSSTLFSEENCQLLQHIADRIAIAVGNADAWRSMTDLQESLQQENHQLSEQLLSNLGIGDIIYQSQAMEDLLQQVDIVAKSDSTVLICGETGTGKEVIARAIHQLSPRRDKPLVKINCAAIPASLLESELFGHDKGAFTGAINTHRGRFEIADGGTLFLDEIGDLPLELQPKLLRVLQEREIERLGGSRTIPVNVRVIAATNRDLWQMVEDRQFRSDLFYRLNVFPLELPPLRDRPEDIPLLAKHFTQKMARHMNRAIDAIPTEALRQLMSWDWPGNVRELENVIERAVLLTRGNSLNLHLNVRQSRLLPTLNEDSALRSSMAQLLHPTTPENDEEERQRIVQVLRETNGIVAGPRGAATRLGMKRTTLLSRMQRLGISVREVL
iscR	b2531	NP_417026.1	3	87	DNA-Binding-Region	28	51	MRLTSKGRYAVTAMLDVALNSEAGPVPLADISERQGISLSYLEQLFSRLRKNGLVSSVRGPGGGYLLGKDASSIAVGEVISAVDESVDATRCQGKGGCQGGDKCLTHALWRDLSDRLTGFLNNITLGELVNNQEVLDVSGRQHTHDAPRTRTQDAIDVKLRA
iscR	b2531	NP_417026.1	3	87	Conserved-Region	2	131	MRLTSKGRYAVTAMLDVALNSEAGPVPLADISERQGISLSYLEQLFSRLRKNGLVSSVRGPGGGYLLGKDASSIAVGEVISAVDESVDATRCQGKGGCQGGDKCLTHALWRDLSDRLTGFLNNITLGELVNNQEVLDVSGRQHTHDAPRTRTQDAIDVKLRA
xynR	b0272	NP_414806.1	13	240	DNA-Binding-Region	25	45	MPIIQSVERALQILDLFNEQATELKITDISKLMGLSKSTLHSLLKTLQLHGYIDQNPENGKYRLGMKLVERGHFVVGSIDIRQKAKGWLTELSRRTGQTTHLGILDGREGVYIEKIEGKLAAIAYSRIGRRLPVHATAIGKVLIAWLGEAELNALLEGYQYTTFTPATLASREALMSALAQTREQGYALDSEENEQGVRCVAVPVWNHESRVIAALSLSTLTSRVDDAELANFREQLQQAGLALSRALGYPA
xynR	b0272	NP_414806.1	13	240	Conserved-Region	81	250	MPIIQSVERALQILDLFNEQATELKITDISKLMGLSKSTLHSLLKTLQLHGYIDQNPENGKYRLGMKLVERGHFVVGSIDIRQKAKGWLTELSRRTGQTTHLGILDGREGVYIEKIEGKLAAIAYSRIGRRLPVHATAIGKVLIAWLGEAELNALLEGYQYTTFTPATLASREALMSALAQTREQGYALDSEENEQGVRCVAVPVWNHESRVIAALSLSTLTSRVDDAELANFREQLQQAGLALSRALGYPA
xynR	b0272	NP_414806.1	13	240	Conserved-Region	4	66	MPIIQSVERALQILDLFNEQATELKITDISKLMGLSKSTLHSLLKTLQLHGYIDQNPENGKYRLGMKLVERGHFVVGSIDIRQKAKGWLTELSRRTGQTTHLGILDGREGVYIEKIEGKLAAIAYSRIGRRLPVHATAIGKVLIAWLGEAELNALLEGYQYTTFTPATLASREALMSALAQTREQGYALDSEENEQGVRCVAVPVWNHESRVIAALSLSTLTSRVDDAELANFREQLQQAGLALSRALGYPA
alaS	b2697	NP_417177.1	7	849	NA	NA	NA	MSKSTAEIRQAFLDFFHSKGHQVVASSSLVPHNDPTLLFTNAGMNQFKDVFLGLDKRNYSRATTSQRCVRAGGKHNDLENVGYTARHHTFFEMLGNFSFGDYFKHDAIQFAWELLTSEKWFALPKERLWVTVYESDDEAYEIWEKEVGIPRERIIRIGDNKGAPYASDNFWQMGDTGPCGPCTEIFYDHGDHIWGGPPGSPEEDGDRYIEIWNIVFMQFNRQADGTMEPLPKPSVDTGMGLERIAAVLQHVNSNYDIDLFRTLIQAVAKVTGATDLSNKSLRVIADHIRSCAFLIADGVMPSNENRGYVLRRIIRRAVRHGNMLGAKETFFYKLVGPLIDVMGSAGEDLKRQQAQVEQVLKTEEEQFARTLERGLALLDEELAKLSGDTLDGETAFRLYDTYGFPVDLTADVCRERNIKVDEAGFEAAMEEQRRRAREASGFGADYNAMIRVDSASEFKGYDHLELNGKVTALFVDGKAVDAINAGQEAVVVLDQTPFYAESGGQVGDKGELKGANFSFAVEDTQKYGQAIGHIGKLAAGSLKVGDAVQADVDEARRARIRLNHSATHLMHAALRQVLGTHVSQKGSLVNDKVLRFDFSHNEAMKPEEIRAVEDLVNTQIRRNLPIETNIMDLEAAKAKGAMALFGEKYDERVRVLSMGDFSTELCGGTHASRTGDIGLFRIISESGTAAGVRRIEAVTGEGAIATVHADSDRLSEVAHLLKGDSNNLADKVRSVLERTRQLEKELQQLKEQAAAQESANLSSKAIDVNGVKLLVSELSGVEPKMLRTMVDDLKNQLGSTIIVLATVVEGKVSLIAGVSKDVTDRVKAGELIGMVAQQVGGKGGGRPDMAQAGGTDAAALPAALASVKGWVSAKLQ
gcvA	b2808	NP_417288.1	1	292	DNA-Binding-Region	23	42	MSKRLPPLNALRVFDAAARHLSFTRAAEELFVTQAAVSHQIKSLEDFLGLKLFRRRNRSLLLTEEGQSYFLDIKEIFSQLTEATRKLQARSAKGALTVSLLPSFAIHWLVPRLSSFNSAYPGIDVRIQAVDRQEDKLADDVDVAIFYGRGNWPGLRVEKLYAEYLLPVCSPLLLTGEKPLKTPEDLAKHTLLHDASRRDWQTYTRQLGLNHINVQQGPIFSHSAMVLQAAIHGQGVALANNVMAQSEIEAGRLVCPFNDVLVSKNAFYLVCHDSQAELGKIAAFRQWILAKAAAEQEKFRFRYEQ
gcvA	b2808	NP_417288.1	1	292	Conserved-Region	6	63	MSKRLPPLNALRVFDAAARHLSFTRAAEELFVTQAAVSHQIKSLEDFLGLKLFRRRNRSLLLTEEGQSYFLDIKEIFSQLTEATRKLQARSAKGALTVSLLPSFAIHWLVPRLSSFNSAYPGIDVRIQAVDRQEDKLADDVDVAIFYGRGNWPGLRVEKLYAEYLLPVCSPLLLTGEKPLKTPEDLAKHTLLHDASRRDWQTYTRQLGLNHINVQQGPIFSHSAMVLQAAIHGQGVALANNVMAQSEIEAGRLVCPFNDVLVSKNAFYLVCHDSQAELGKIAAFRQWILAKAAAEQEKFRFRYEQ
galR	b2837	NP_417314.1	4	292	DNA-Binding-Region	4	23	MATIKDVARLAGVSVATVSRVINNSPKASEASRLAVHSAMESLSYHPNANARALAQQTTETVGLVVGDVSDPFFGAMVKAVEQVAYHTGNFLLIGNGYHNEQKERQAIEQLIRHRCAALVVHAKMIPDADLASLMKQMPGMVLINRILPGFENRCIALDDRYGAWLATRHLIQQGHTRIGYLCSNHSISDAEDRLQGYYDALAESGIAANDRLVTFGEPDESGGEQAMTELLGRGRNFTAVACYNDSMAAGAMGVLNDNGIDVPGEISLIGFDDVLVSRYVRPRLTTVRYPIVTMATQAAELALALADNRPLPEITNVFSPTLVRRHSVSTPSLEASHHATSD
galR	b2837	NP_417314.1	4	292	Conserved-Region	1	56	MATIKDVARLAGVSVATVSRVINNSPKASEASRLAVHSAMESLSYHPNANARALAQQTTETVGLVVGDVSDPFFGAMVKAVEQVAYHTGNFLLIGNGYHNEQKERQAIEQLIRHRCAALVVHAKMIPDADLASLMKQMPGMVLINRILPGFENRCIALDDRYGAWLATRHLIQQGHTRIGYLCSNHSISDAEDRLQGYYDALAESGIAANDRLVTFGEPDESGGEQAMTELLGRGRNFTAVACYNDSMAAGAMGVLNDNGIDVPGEISLIGFDDVLVSRYVRPRLTTVRYPIVTMATQAAELALALADNRPLPEITNVFSPTLVRRHSVSTPSLEASHHATSD
lysR	b2839	NP_417316.1	1	261	DNA-Binding-Region	21	40	MAAVNLRHIEIFHAVMTAGSLTEAAHLLHTSQPTVSRELARFEKVIGLKLFERVRGRLHPTVQGLRLFEEVQRSWYGLDRIVSAAESLREFRQGELSIACLPVFSQSFLPQLLQPFLARYPDVSLNIVPQESPLLEEWLSAQRHDLGLTETLHTPAGTERTELLSLDEVCVLPPGHPLAVKKVLTPDDFQGENYISLSRTDSYRQLLDQLFTEHQVKRRMIVETHSAASVCAMVRAGVGISVVNPLTALDYAASGLVVRRFSIAVPFTVSLIRPLHRPSSALVQAFSGHLQAGLPKLVTSLDAILSSATTA
lysR	b2839	NP_417316.1	1	261	Conserved-Region	1	61	MAAVNLRHIEIFHAVMTAGSLTEAAHLLHTSQPTVSRELARFEKVIGLKLFERVRGRLHPTVQGLRLFEEVQRSWYGLDRIVSAAESLREFRQGELSIACLPVFSQSFLPQLLQPFLARYPDVSLNIVPQESPLLEEWLSAQRHDLGLTETLHTPAGTERTELLSLDEVCVLPPGHPLAVKKVLTPDDFQGENYISLSRTDSYRQLLDQLFTEHQVKRRMIVETHSAASVCAMVRAGVGISVVNPLTALDYAASGLVVRRFSIAVPFTVSLIRPLHRPSSALVQAFSGHLQAGLPKLVTSLDAILSSATTA
argP	b2916	NP_417391.1	5	297	DNA-Binding-Region	21	40	MKRPDYRTLQALDAVIRERGFERAAQKLCITQSAVSQRIKQLENMFGQPLLVRTVPPRPTEQGQKLLALLRQVELLEEEWLGDEQTGSTPLLLSLAVNADSLATWLLPALAPVLADSPIRLNLQVEDETRTQERLRRGEVVGAVSIQHQALPSCLVDKLGALDYLFVSSKPFAEKYFPNGVTRSALLKAPVVAFDHLDDMHQAFLQQNFDLPPGSVPCHIVNSSEAFVQLARQGTTCCMIPHLQIEKELASGELIDLTPGLFQRRMLYWHRFAPESRMMRKVTDALLDYGHKVLRQD
argP	b2916	NP_417391.1	5	297	Conserved-Region	4	60	MKRPDYRTLQALDAVIRERGFERAAQKLCITQSAVSQRIKQLENMFGQPLLVRTVPPRPTEQGQKLLALLRQVELLEEEWLGDEQTGSTPLLLSLAVNADSLATWLLPALAPVLADSPIRLNLQVEDETRTQERLRRGEVVGAVSIQHQALPSCLVDKLGALDYLFVSSKPFAEKYFPNGVTRSALLKAPVVAFDHLDDMHQAFLQQNFDLPPGSVPCHIVNSSEAFVQLARQGTTCCMIPHLQIEKELASGELIDLTPGLFQRRMLYWHRFAPESRMMRKVTDALLDYGHKVLRQD
yqhC	b3010	NP_417483.2	66	315	DNA-Binding-Region	278	301	MLQNCAQSNCRIIPKKLRDMKREEICRLLADKVNKLKNKENSLSGLLPDVRLLYGETPFARTPVMYEPGIIILFSGHKIGYINERVFRYDANEYLLLTVPLPFECETYATSEVPLAGLRLNVDILQLQELLMDIGEDEHFQPSMAASGINSATLSEEILCAAERLLDVMERPLDARILGKQIIREILYYVLTGPCGGALLALVSRQTHFSLISRVLKRIENKYTENLSVEQLAAEANMSVSAFHHNFKSVTSTSPLQYLKNYRLHKARMMIIHDGMKASAAAMRVGYESASQFSREFKRYFGVTPGEDAARMRAMQGN
yqhC	b3010	NP_417483.2	66	315	DNA-Binding-Region	230	251	MLQNCAQSNCRIIPKKLRDMKREEICRLLADKVNKLKNKENSLSGLLPDVRLLYGETPFARTPVMYEPGIIILFSGHKIGYINERVFRYDANEYLLLTVPLPFECETYATSEVPLAGLRLNVDILQLQELLMDIGEDEHFQPSMAASGINSATLSEEILCAAERLLDVMERPLDARILGKQIIREILYYVLTGPCGGALLALVSRQTHFSLISRVLKRIENKYTENLSVEQLAAEANMSVSAFHHNFKSVTSTSPLQYLKNYRLHKARMMIIHDGMKASAAAMRVGYESASQFSREFKRYFGVTPGEDAARMRAMQGN
yqhC	b3010	NP_417483.2	66	315	Conserved-Region	213	311	MLQNCAQSNCRIIPKKLRDMKREEICRLLADKVNKLKNKENSLSGLLPDVRLLYGETPFARTPVMYEPGIIILFSGHKIGYINERVFRYDANEYLLLTVPLPFECETYATSEVPLAGLRLNVDILQLQELLMDIGEDEHFQPSMAASGINSATLSEEILCAAERLLDVMERPLDARILGKQIIREILYYVLTGPCGGALLALVSRQTHFSLISRVLKRIENKYTENLSVEQLAAEANMSVSAFHHNFKSVTSTSPLQYLKNYRLHKARMMIIHDGMKASAAAMRVGYESASQFSREFKRYFGVTPGEDAARMRAMQGN
ttdR	b3060	NP_417532.1	10	292	DNA-Binding-Region	23	42	MLNSWPLAKDLQVLVEIVHSGSFSAAAATLGQTPAFVTKRIQILENTLATTLLNRSARGVALTESGQRCYEHALEILTQYQRLVDDVTQIKTRPEGMIRIGCSFGFGRSHIAPAITELMRNYPELQVHFELFDRQIDLVQDNIDLDIRINDEIPDYYIAHLLTKNKRILCAAPEYLQKYPQPQSLQELSRHDCLVTKERDMTHGIWELGNGQEKKSVKVSGHLSSNSGEIVLQWALEGKGIMLRSEWDVLPFLESGKLVQVLPEYAQSANIWAVYREPLYRSMKLRVCVEFLAAWCQQRLGKPDEGYQVM
ttdR	b3060	NP_417532.1	10	292	Conserved-Region	6	63	MLNSWPLAKDLQVLVEIVHSGSFSAAAATLGQTPAFVTKRIQILENTLATTLLNRSARGVALTESGQRCYEHALEILTQYQRLVDDVTQIKTRPEGMIRIGCSFGFGRSHIAPAITELMRNYPELQVHFELFDRQIDLVQDNIDLDIRINDEIPDYYIAHLLTKNKRILCAAPEYLQKYPQPQSLQELSRHDCLVTKERDMTHGIWELGNGQEKKSVKVSGHLSSNSGEIVLQWALEGKGIMLRSEWDVLPFLESGKLVQVLPEYAQSANIWAVYREPLYRSMKLRVCVEFLAAWCQQRLGKPDEGYQVM
nfeR	b3071	NP_417542.1	62	142	NA	NA	NA	MSHHHEGCCKHEGQPRHEGCCKGEKSEHEHCGHGHQHEHGQCCGGRHGRGGGRRQRFFGHGELRLVILDILSRDDSHGYELIKAIENLTQGNYTPSPGVIYPTLDFLQEQSLITIREEEGGKKQIALTEQGAQWLEENREQVEMIEERIKARCVGAALRQNPQMKRALDNFKAVLDLRVNQSDISDAQIKKIIAVIDRAAFDITQLD
betI	b0313	NP_414847.3	6	194	DNA-Binding-Region	31	50	MPKLGMQSIRRRQLIDATLEAINEVGMHDATIAQIARRAGVSTGIISHYFRDKNGLLEATMRDITSQLRDAVLNRLHALPQGSAEQRLQAIVGGNFDETQVSSAAMKAWLAFWASSMHQPMLYRLQQVSSRRLLSNLVSEFRRELPREQAQEAGYGLAALIDGLWLRAALSGKPLDKTRANSLTRHFITQHLPTD
betI	b0313	NP_414847.3	6	194	Conserved-Region	8	68	MPKLGMQSIRRRQLIDATLEAINEVGMHDATIAQIARRAGVSTGIISHYFRDKNGLLEATMRDITSQLRDAVLNRLHALPQGSAEQRLQAIVGGNFDETQVSSAAMKAWLAFWASSMHQPMLYRLQQVSSRRLLSNLVSEFRRELPREQAQEAGYGLAALIDGLWLRAALSGKPLDKTRANSLTRHFITQHLPTD
exuR	b3094	NP_417565.2	5	198	DNA-Binding-Region	35	54	MEITEPRRLYQQLAADLKERIEQGVYLVGDKLPAERFIADEKNVSRTVVREAIIMLEVEGYVEVRKGSGIHVVSNQPRHQQAADNNMEFANYGPFELLQARQLIESNIAEFAATQVTKQDIMKLMAIQEQARGEQCFRDSEWDLQFHIQVALATQNSALAAIVEKMWTQRSHNPYWKKLHEHIDSRTVDNWCDDHDQILKALIRKDPHAAKLAMWQHLENTKIMLFNETSDDFEFNADRYLFAENPVVHLDTATSGSK
exuR	b3094	NP_417565.2	5	198	Conserved-Region	7	75	MEITEPRRLYQQLAADLKERIEQGVYLVGDKLPAERFIADEKNVSRTVVREAIIMLEVEGYVEVRKGSGIHVVSNQPRHQQAADNNMEFANYGPFELLQARQLIESNIAEFAATQVTKQDIMKLMAIQEQARGEQCFRDSEWDLQFHIQVALATQNSALAAIVEKMWTQRSHNPYWKKLHEHIDSRTVDNWCDDHDQILKALIRKDPHAAKLAMWQHLENTKIMLFNETSDDFEFNADRYLFAENPVVHLDTATSGSK
nanR	b3226	NP_417693.3	27	252	DNA-Binding-Region	58	77	MGLMNAFDSQTEDSSPAIGRNLRSRPLARKKLSEMVEEELEQMIRRREFGEGEQLPSERELMAFFNVGRPSVREALAALKRKGLVQINNGERARVSRPSADTIIGELSGMAKDFLSHPGGIAHFEQLRLFFESSLVRYAAEHATDEQIDLLAKALEINSQSLDNNAAFIRSDVDFHRVLAEIPGNPIFMAIHVALLDWLIAARPTVTDQALHEHNNVSYQQHIAIVDAIRRHDPDEADRALQSHLNSVSATWHAFGQTTNKKK
nanR	b3226	NP_417693.3	27	252	Conserved-Region	30	98	MGLMNAFDSQTEDSSPAIGRNLRSRPLARKKLSEMVEEELEQMIRRREFGEGEQLPSERELMAFFNVGRPSVREALAALKRKGLVQINNGERARVSRPSADTIIGELSGMAKDFLSHPGGIAHFEQLRLFFESSLVRYAAEHATDEQIDLLAKALEINSQSLDNNAAFIRSDVDFHRVLAEIPGNPIFMAIHVALLDWLIAARPTVTDQALHEHNNVSYQQHIAIVDAIRRHDPDEADRALQSHLNSVSATWHAFGQTTNKKK
accB	b3255	NP_417721.1	81	156	Conserved-Region	73	156	MDIRKIKKLIELVEESGISELEISEGEESVRISRAAPAASFPVMQQAYAAPMMQQPAQSNAAAPATVPSMEAPAAAEISGHIVRSPMVGTFYRTPSPDAKAFIEVGQKVNVGDTLCIVEAMKMMNQIEADKSGTVKAILVESGQPVEFDEPLVVIE
envR	b3264	NP_417730.1	3	62	DNA-Binding-Region	33	52	MAKRTKAEALKTRQELIETAIAQFAQHGVSKTTLNDIADAANVTRGAIYWHFENKTQLFNEMWLQQPSLRELIQEHLTAGLEHDPFQQLREKLIVGLQYIAKIPRQQALLKILYHKCEFNDEMLAEGVIREKMGFNPQTLREVLQACQQQGCVANNLDLDVVMIIIDGAFSGIVQNWLMNMAGYDLYKQAPALVDNVLRMFMPDENITKLIHQTNELSVM
envR	b3264	NP_417730.1	3	62	Conserved-Region	10	70	MAKRTKAEALKTRQELIETAIAQFAQHGVSKTTLNDIADAANVTRGAIYWHFENKTQLFNEMWLQQPSLRELIQEHLTAGLEHDPFQQLREKLIVGLQYIAKIPRQQALLKILYHKCEFNDEMLAEGVIREKMGFNPQTLREVLQACQQQGCVANNLDLDVVMIIIDGAFSGIVQNWLMNMAGYDLYKQAPALVDNVLRMFMPDENITKLIHQTNELSVM
zntR	b3292	NP_417751.1	4	130	DNA-Binding-Region	4	23	MYRIGELAKMAEVTPDTIRYYEKQQMMEHEVRTEGGFRLYTESDLQRLKFIRHARQLGFSLESIRELLSIRIDPEHHTCQESKGIVQERLQEVEARIAELQSMQRSLQRLNDACCGTAHSSVYCSILEALEQGASGVKSGC
zntR	b3292	NP_417751.1	4	130	Conserved-Region	1	70	MYRIGELAKMAEVTPDTIRYYEKQQMMEHEVRTEGGFRLYTESDLQRLKFIRHARQLGFSLESIRELLSIRIDPEHHTCQESKGIVQERLQEVEARIAELQSMQRSLQRLNDACCGTAHSSVYCSILEALEQGASGVKSGC
ompR	b3405	NP_417864.1	2	232	DNA-Binding-Region	135	234	MQENYKILVVDDDMRLRALLERYLTEQGFQVRSVANAEQMDRLLTRESFHLMVLDLMLPGEDGLSICRRLRSQSNPMPIIMVTAKGEEVDRIVGLEIGADDYIPKPFNPRELLARIRAVLRRQANELPGAPSQEEAVIAFGKFKLNLGTREMFREDEPMPLTSGEFAVLKALVSHPREPLSRDKLMNLARGREYSAMERSIDVQISRLRRMVEEDPAHPRYIQTVWGLGYVFVPDGSKA
ompR	b3405	NP_417864.1	2	232	Conserved-Region	6	120	MQENYKILVVDDDMRLRALLERYLTEQGFQVRSVANAEQMDRLLTRESFHLMVLDLMLPGEDGLSICRRLRSQSNPMPIIMVTAKGEEVDRIVGLEIGADDYIPKPFNPRELLARIRAVLRRQANELPGAPSQEEAVIAFGKFKLNLGTREMFREDEPMPLTSGEFAVLKALVSHPREPLSRDKLMNLARGREYSAMERSIDVQISRLRRMVEEDPAHPRYIQTVWGLGYVFVPDGSKA
rtcR	b3422	NP_417880.1	1	527	DNA-Binding-Region	485	504	MRKTVAFGFVGTVLDYAGRGSQRWSKWRPTLCLCQQESLVIDRLELLHDARSRSLFETLKRDIASVSPETEVVSVEIELHNPWDFEEVYACLHDFARGYEFQPEKEDYLIHITTGTHVAQICWFLLAEARYLPARLIQSSPPRKKEQPRGPGEVTIIDLDLSRYNAIASRFAEERQQTLDFLKSGIATRNPHFNRMIEQIEKVAIKSRAPILLNGPTGAGKSFLARRILELKQARHQFSGAFVEVNCATLRGDTAMSTLFGHVKGAFTGARESREGLLRSANGGMLFLDEIGELGADEQAMLLKAIEEKTFYPFGSDRQVSSDFQLIAGTVRDLRQLVAEGKFREDLYARINLWTFTLPGLRQRQEDIEPNLDYEVERHASLTGDSVRFNTEARRAWLAFATSPQATWRGNFRELSASVTRMATFATSGRITLDVVEDEINRLRYNWQESRPSALTALLGAEAENIDLFDRMQLEHVIAICRQAKSLSAAGRQLFDVSRQGKASVNDADRLRKYLARFGLTWEAVQDQHSSS
rtcR	b3422	NP_417880.1	1	527	Nucleotide-Phosphate-Binding-Region	281	290	MRKTVAFGFVGTVLDYAGRGSQRWSKWRPTLCLCQQESLVIDRLELLHDARSRSLFETLKRDIASVSPETEVVSVEIELHNPWDFEEVYACLHDFARGYEFQPEKEDYLIHITTGTHVAQICWFLLAEARYLPARLIQSSPPRKKEQPRGPGEVTIIDLDLSRYNAIASRFAEERQQTLDFLKSGIATRNPHFNRMIEQIEKVAIKSRAPILLNGPTGAGKSFLARRILELKQARHQFSGAFVEVNCATLRGDTAMSTLFGHVKGAFTGARESREGLLRSANGGMLFLDEIGELGADEQAMLLKAIEEKTFYPFGSDRQVSSDFQLIAGTVRDLRQLVAEGKFREDLYARINLWTFTLPGLRQRQEDIEPNLDYEVERHASLTGDSVRFNTEARRAWLAFATSPQATWRGNFRELSASVTRMATFATSGRITLDVVEDEINRLRYNWQESRPSALTALLGAEAENIDLFDRMQLEHVIAICRQAKSLSAAGRQLFDVSRQGKASVNDADRLRKYLARFGLTWEAVQDQHSSS
rtcR	b3422	NP_417880.1	1	527	Nucleotide-Phosphate-Binding-Region	215	222	MRKTVAFGFVGTVLDYAGRGSQRWSKWRPTLCLCQQESLVIDRLELLHDARSRSLFETLKRDIASVSPETEVVSVEIELHNPWDFEEVYACLHDFARGYEFQPEKEDYLIHITTGTHVAQICWFLLAEARYLPARLIQSSPPRKKEQPRGPGEVTIIDLDLSRYNAIASRFAEERQQTLDFLKSGIATRNPHFNRMIEQIEKVAIKSRAPILLNGPTGAGKSFLARRILELKQARHQFSGAFVEVNCATLRGDTAMSTLFGHVKGAFTGARESREGLLRSANGGMLFLDEIGELGADEQAMLLKAIEEKTFYPFGSDRQVSSDFQLIAGTVRDLRQLVAEGKFREDLYARINLWTFTLPGLRQRQEDIEPNLDYEVERHASLTGDSVRFNTEARRAWLAFATSPQATWRGNFRELSASVTRMATFATSGRITLDVVEDEINRLRYNWQESRPSALTALLGAEAENIDLFDRMQLEHVIAICRQAKSLSAAGRQLFDVSRQGKASVNDADRLRKYLARFGLTWEAVQDQHSSS
rtcR	b3422	NP_417880.1	1	527	Conserved-Region	186	424	MRKTVAFGFVGTVLDYAGRGSQRWSKWRPTLCLCQQESLVIDRLELLHDARSRSLFETLKRDIASVSPETEVVSVEIELHNPWDFEEVYACLHDFARGYEFQPEKEDYLIHITTGTHVAQICWFLLAEARYLPARLIQSSPPRKKEQPRGPGEVTIIDLDLSRYNAIASRFAEERQQTLDFLKSGIATRNPHFNRMIEQIEKVAIKSRAPILLNGPTGAGKSFLARRILELKQARHQFSGAFVEVNCATLRGDTAMSTLFGHVKGAFTGARESREGLLRSANGGMLFLDEIGELGADEQAMLLKAIEEKTFYPFGSDRQVSSDFQLIAGTVRDLRQLVAEGKFREDLYARINLWTFTLPGLRQRQEDIEPNLDYEVERHASLTGDSVRFNTEARRAWLAFATSPQATWRGNFRELSASVTRMATFATSGRITLDVVEDEINRLRYNWQESRPSALTALLGAEAENIDLFDRMQLEHVIAICRQAKSLSAAGRQLFDVSRQGKASVNDADRLRKYLARFGLTWEAVQDQHSSS
arsR	b3501	NP_417958.1	9	71	DNA-Binding-Region	33	52	MSFLLPIQLFKILADETRLGIVLLLSELGELCVCDLCTALDQSQPKISRHLALLRESGLLLDRKQGKWVHYRLSPHIPAWAAKIIDEAWRCEQEKVQAIVRNLARQNCSGDSKNICS
arsR	b3501	NP_417958.1	9	71	Conserved-Region	1	92	MSFLLPIQLFKILADETRLGIVLLLSELGELCVCDLCTALDQSQPKISRHLALLRESGLLLDRKQGKWVHYRLSPHIPAWAAKIIDEAWRCEQEKVQAIVRNLARQNCSGDSKNICS
frmR	b0357	NP_414891.4	1	91	NA	NA	NA	MPSTPEEKKKVLTRVRRIRGQIDALERSLEGDAECRAILQQIAAVRGAANGLMAEVLESHIRETFDRNDCYSREVSQSVDDTIELVRAYLK
dnaA	b3702	NP_418157.1	5	455	Nucleotide-Phosphate-Binding-Region	172	179	MSLSLWQQCLARLQDELPATEFSMWIRPLQAELSDNTLALYAPNRFVLDWVRDKYLNNINGLLTSFCGADAPQLRFEVGTKPVTQTPQAAVTSNVAAPAQVAQTQPQRAAPSTRSGWDNVPAPAEPTYRSNVNVKHTFDNFVEGKSNQLARAAARQVADNPGGAYNPLFLYGGTGLGKTHLLHAVGNGIMARKPNAKVVYMHSERFVQDMVKALQNNAIEEFKRYYRSVDALLIDDIQFFANKERSQEEFFHTFNALLEGNQQIILTSDRYPKEINGVEDRLKSRFGWGLTVAIEPPELETRVAILMKKADENDIRLPGEVAFFIAKRLRSNVRELEGALNRVIANANFTGRAITIDFVREALRDLLALQEKLVTIDNIQKTVAEYYKIKVADLLSKRRSRSVARPRQMAMALAKELTNHSLPEIGDAFGGRDHTTVLHACRKIEQLREESHDIKEDFSNLIRTLSS
rbsR	b3753	NP_418209.1	1	305	DNA-Binding-Region	4	23	MATMKDVARLAGVSTSTVSHVINKDRFVSEAITAKVEAAIKELNYAPSALARSLKLNQTHTIGMLITASTNPFYSELVRGVERSCFERGYSLVLCNTEGDEQRMNRNLETLMQKRVDGLLLLCTETHQPSREIMQRYPTVPTVMMDWAPFDGDSDLIQDNSLLGGDLATQYLIDKGHTRIACITGPLDKTPARLRLEGYRAAMKRAGLNIPDGYEVTGDFEFNGGFDAMRQLLSHPLRPQAVFTGNDAMAVGVYQALYQAELQVPQDIAVIGYDDIELASFMTPPLTTIHQPKDELGELAIDVLIHRITQPTLQQQRLQLTPILMERGSA
rbsR	b3753	NP_418209.1	1	305	Conserved-Region	2	56	MATMKDVARLAGVSTSTVSHVINKDRFVSEAITAKVEAAIKELNYAPSALARSLKLNQTHTIGMLITASTNPFYSELVRGVERSCFERGYSLVLCNTEGDEQRMNRNLETLMQKRVDGLLLLCTETHQPSREIMQRYPTVPTVMMDWAPFDGDSDLIQDNSLLGGDLATQYLIDKGHTRIACITGPLDKTPARLRLEGYRAAMKRAGLNIPDGYEVTGDFEFNGGFDAMRQLLSHPLRPQAVFTGNDAMAVGVYQALYQAELQVPQDIAVIGYDDIELASFMTPPLTTIHQPKDELGELAIDVLIHRITQPTLQQQRLQLTPILMERGSA
glnG	b3868	NP_418304.1	6	468	DNA-Binding-Region	445	464	MQRGIVWVVDDDSSIRWVLERALAGAGLTCTTFENGAEVLEALASKTPDVLLSDIRMPGMDGLALLKQIKQRHPMLPVIIMTAHSDLDAAVSAYQQGAFDYLPKPFDIDEAVALVERAISHYQEQQQPRNVQLNGPTTDIIGEAPAMQDVFRIIGRLSRSSISVLINGESGTGKELVAHALHRHSPRAKAPFIALNMAAIPKDLIESELFGHEKGAFTGANTIRQGRFEQADGGTLFLDEIGDMPLDVQTRLLRVLADGQFYRVGGYAPVKVDVRIIAATHQNLEQRVQEGKFREDLFHRLNVIRVHLPPLRERREDIPRLARHFLQVAARELGVEAKLLHPETEAALTRLAWPGNVRQLENTCRWLTVMAAGQEVLIQDLPGELFESTVAESTSQMQPDSWATLLAQWADRALRSGHQNLLSEAQPELERTLLTTALRHTQGHKQEAARLLGWGRNTLTRKLKELGME
glnG	b3868	NP_418304.1	6	468	Nucleotide-Phosphate-Binding-Region	231	240	MQRGIVWVVDDDSSIRWVLERALAGAGLTCTTFENGAEVLEALASKTPDVLLSDIRMPGMDGLALLKQIKQRHPMLPVIIMTAHSDLDAAVSAYQQGAFDYLPKPFDIDEAVALVERAISHYQEQQQPRNVQLNGPTTDIIGEAPAMQDVFRIIGRLSRSSISVLINGESGTGKELVAHALHRHSPRAKAPFIALNMAAIPKDLIESELFGHEKGAFTGANTIRQGRFEQADGGTLFLDEIGDMPLDVQTRLLRVLADGQFYRVGGYAPVKVDVRIIAATHQNLEQRVQEGKFREDLFHRLNVIRVHLPPLRERREDIPRLARHFLQVAARELGVEAKLLHPETEAALTRLAWPGNVRQLENTCRWLTVMAAGQEVLIQDLPGELFESTVAESTSQMQPDSWATLLAQWADRALRSGHQNLLSEAQPELERTLLTTALRHTQGHKQEAARLLGWGRNTLTRKLKELGME
glnG	b3868	NP_418304.1	6	468	Nucleotide-Phosphate-Binding-Region	168	175	MQRGIVWVVDDDSSIRWVLERALAGAGLTCTTFENGAEVLEALASKTPDVLLSDIRMPGMDGLALLKQIKQRHPMLPVIIMTAHSDLDAAVSAYQQGAFDYLPKPFDIDEAVALVERAISHYQEQQQPRNVQLNGPTTDIIGEAPAMQDVFRIIGRLSRSSISVLINGESGTGKELVAHALHRHSPRAKAPFIALNMAAIPKDLIESELFGHEKGAFTGANTIRQGRFEQADGGTLFLDEIGDMPLDVQTRLLRVLADGQFYRVGGYAPVKVDVRIIAATHQNLEQRVQEGKFREDLFHRLNVIRVHLPPLRERREDIPRLARHFLQVAARELGVEAKLLHPETEAALTRLAWPGNVRQLENTCRWLTVMAAGQEVLIQDLPGELFESTVAESTSQMQPDSWATLLAQWADRALRSGHQNLLSEAQPELERTLLTTALRHTQGHKQEAARLLGWGRNTLTRKLKELGME
glnG	b3868	NP_418304.1	6	468	Conserved-Region	140	369	MQRGIVWVVDDDSSIRWVLERALAGAGLTCTTFENGAEVLEALASKTPDVLLSDIRMPGMDGLALLKQIKQRHPMLPVIIMTAHSDLDAAVSAYQQGAFDYLPKPFDIDEAVALVERAISHYQEQQQPRNVQLNGPTTDIIGEAPAMQDVFRIIGRLSRSSISVLINGESGTGKELVAHALHRHSPRAKAPFIALNMAAIPKDLIESELFGHEKGAFTGANTIRQGRFEQADGGTLFLDEIGDMPLDVQTRLLRVLADGQFYRVGGYAPVKVDVRIIAATHQNLEQRVQEGKFREDLFHRLNVIRVHLPPLRERREDIPRLARHFLQVAARELGVEAKLLHPETEAALTRLAWPGNVRQLENTCRWLTVMAAGQEVLIQDLPGELFESTVAESTSQMQPDSWATLLAQWADRALRSGHQNLLSEAQPELERTLLTTALRHTQGHKQEAARLLGWGRNTLTRKLKELGME
glnG	b3868	NP_418304.1	6	468	Conserved-Region	5	119	MQRGIVWVVDDDSSIRWVLERALAGAGLTCTTFENGAEVLEALASKTPDVLLSDIRMPGMDGLALLKQIKQRHPMLPVIIMTAHSDLDAAVSAYQQGAFDYLPKPFDIDEAVALVERAISHYQEQQQPRNVQLNGPTTDIIGEAPAMQDVFRIIGRLSRSSISVLINGESGTGKELVAHALHRHSPRAKAPFIALNMAAIPKDLIESELFGHEKGAFTGANTIRQGRFEQADGGTLFLDEIGDMPLDVQTRLLRVLADGQFYRVGGYAPVKVDVRIIAATHQNLEQRVQEGKFREDLFHRLNVIRVHLPPLRERREDIPRLARHFLQVAARELGVEAKLLHPETEAALTRLAWPGNVRQLENTCRWLTVMAAGQEVLIQDLPGELFESTVAESTSQMQPDSWATLLAQWADRALRSGHQNLLSEAQPELERTLLTTALRHTQGHKQEAARLLGWGRNTLTRKLKELGME
csqR	b3884	NP_418320.2	11	255	DNA-Binding-Region	25	44	MSLTELTGNPRHDQLLMLIAERGYMNIDELANLLDVSTQTVRRDIRKLSEQGLITRHHGGAGRASSVVNTAFEQREVSQTEEKKAIAEAVADYIPDGSTIFITIGTTVEHVARALLNHNHLRIITNSLRVAHILYHNPRFEVMVPGGTLRSHNSGIIGPSAASFVADFRADYLVTSVGAIESDGALMEFDVNEANVVKTMMAHARNILLVADHTKYHASAAVEIGNVAQVTALFTDELPPAALKSRLQDSQIEIILPQEDA
csqR	b3884	NP_418320.2	11	255	Conserved-Region	8	63	MSLTELTGNPRHDQLLMLIAERGYMNIDELANLLDVSTQTVRRDIRKLSEQGLITRHHGGAGRASSVVNTAFEQREVSQTEEKKAIAEAVADYIPDGSTIFITIGTTVEHVARALLNHNHLRIITNSLRVAHILYHNPRFEVMVPGGTLRSHNSGIIGPSAASFVADFRADYLVTSVGAIESDGALMEFDVNEANVVKTMMAHARNILLVADHTKYHASAAVEIGNVAQVTALFTDELPPAALKSRLQDSQIEIILPQEDA
rhaS	b3905	NP_418341.1	176	274	DNA-Binding-Region	239	262	MTVLHSVDFFPSGNASVAIEPRLPQADFPEHHHDFHEIVIVEHGTGIHVFNGQPYTITGGTVCFVRDHDRHLYEHTDNLCLTNVLYRSPDRFQFLAGLNQLLPQELDGQYPSHWRVNHSVLQQVRQLVAQMEQQEGENDLPSTASREILFMQLLLLLRKSSLQENLENSASRLNLLLAWLEDHFADEVNWDAVADQFSLSLRTLHRQLKQQTGLTPQRYLNRLRLMKARHLLRHSEASVTDIAYRCGFSDSNHFSTLFRREFNWSPRDIRQGRDGFLQ
rhaS	b3905	NP_418341.1	176	274	DNA-Binding-Region	191	212	MTVLHSVDFFPSGNASVAIEPRLPQADFPEHHHDFHEIVIVEHGTGIHVFNGQPYTITGGTVCFVRDHDRHLYEHTDNLCLTNVLYRSPDRFQFLAGLNQLLPQELDGQYPSHWRVNHSVLQQVRQLVAQMEQQEGENDLPSTASREILFMQLLLLLRKSSLQENLENSASRLNLLLAWLEDHFADEVNWDAVADQFSLSLRTLHRQLKQQTGLTPQRYLNRLRLMKARHLLRHSEASVTDIAYRCGFSDSNHFSTLFRREFNWSPRDIRQGRDGFLQ
rhaS	b3905	NP_418341.1	176	274	Conserved-Region	174	272	MTVLHSVDFFPSGNASVAIEPRLPQADFPEHHHDFHEIVIVEHGTGIHVFNGQPYTITGGTVCFVRDHDRHLYEHTDNLCLTNVLYRSPDRFQFLAGLNQLLPQELDGQYPSHWRVNHSVLQQVRQLVAQMEQQEGENDLPSTASREILFMQLLLLLRKSSLQENLENSASRLNLLLAWLEDHFADEVNWDAVADQFSLSLRTLHRQLKQQTGLTPQRYLNRLRLMKARHLLRHSEASVTDIAYRCGFSDSNHFSTLFRREFNWSPRDIRQGRDGFLQ
cpxR	b3912	NP_418348.1	1	226	DNA-Binding-Region	131	230	MNKILLVDDDRELTSLLKELLEMEGFNVIVAHDGEQALDLLDDSIDLLLLDVMMPKKNGIDTLKALRQTHQTPVIMLTARGSELDRVLGLELGADDYLPKPFNDRELVARIRAILRRSHWSEQQQNNDNGSPTLEVDALVLNPGRQEASFDGQTLELTGTEFTLLYLLAQHLGQVVSREHLSQEVLGKRLTPFDRAIDMHISNLRRKLPDRKDGHPWFKTLRGRGYLMVSAS
cpxR	b3912	NP_418348.1	1	226	Conserved-Region	3	115	MNKILLVDDDRELTSLLKELLEMEGFNVIVAHDGEQALDLLDDSIDLLLLDVMMPKKNGIDTLKALRQTHQTPVIMLTARGSELDRVLGLELGADDYLPKPFNDRELVARIRAILRRSHWSEQQQNNDNGSPTLEVDALVLNPGRQEASFDGQTLELTGTEFTLLYLLAQHLGQVVSREHLSQEVLGKRLTPFDRAIDMHISNLRRKLPDRKDGHPWFKTLRGRGYLMVSAS
cytR	b3934	NP_418369.1	5	341	DNA-Binding-Region	12	31	MKAKKQETAATMKDVALKAKVSTATVSRALMNPDKVSQATRNRVEKAAREVGYLPQPMGRNVKRNESRTILVIVPDICDPFFSEIIRGIEVTAANHGYLVLIGDCAHQNQQEKTFIDLIITKQIDGMLLLGSRLPFDASIEEQRNLPPMVMANEFAPELELPTVHIDNLTAAFDAVNYLYEQGHKRIGCIAGPEEMPLCHYRLQGYVQALRRCGIMVDPQYIARGDFTFEAGSKAMQQLLDLPQPPTAVFCHSDVMALGALSQAKRQGLKVPEDLSIIGFDNIDLTQFCDPPLTTIAQPRYEIGREAMLLLLDQMQGQHVGSGSRLMDCELIIRGSTRALP
cytR	b3934	NP_418369.1	5	341	Conserved-Region	10	64	MKAKKQETAATMKDVALKAKVSTATVSRALMNPDKVSQATRNRVEKAAREVGYLPQPMGRNVKRNESRTILVIVPDICDPFFSEIIRGIEVTAANHGYLVLIGDCAHQNQQEKTFIDLIITKQIDGMLLLGSRLPFDASIEEQRNLPPMVMANEFAPELELPTVHIDNLTAAFDAVNYLYEQGHKRIGCIAGPEEMPLCHYRLQGYVQALRRCGIMVDPQYIARGDFTFEAGSKAMQQLLDLPQPPTAVFCHSDVMALGALSQAKRQGLKVPEDLSIIGFDNIDLTQFCDPPLTTIAQPRYEIGREAMLLLLDQMQGQHVGSGSRLMDCELIIRGSTRALP
oxyR	b3961	NP_418396.1	1	290	DNA-Binding-Region	18	37	MNIRDLEYLVALAEHRHFRRAADSCHVSQPTLSGQIRKLEDELGVMLLERTSRKVLFTQAGMLLVDQARTVLREVKVLKEMASQQGETMSGPLHIGLIPTVGPYLLPHIIPMLHQTFPKLEMYLHEAQTHQLLAQLDSGKLDCVILALVKESEAFIEVPLFDEPMLLAIYEDHPWANRECVPMADLAGEKLLMLEDGHCLRDQAMGFCFEAGADEDTHFRATSLETLRNMVAAGSGITLLPALAVPPERKRDGVVYLPCIKPEPRRTIGLVYRPGSPLRSRYEQLAEAIRARMDGHFDKVLKQAV
oxyR	b3961	NP_418396.1	1	290	Conserved-Region	1	58	MNIRDLEYLVALAEHRHFRRAADSCHVSQPTLSGQIRKLEDELGVMLLERTSRKVLFTQAGMLLVDQARTVLREVKVLKEMASQQGETMSGPLHIGLIPTVGPYLLPHIIPMLHQTFPKLEMYLHEAQTHQLLAQLDSGKLDCVILALVKESEAFIEVPLFDEPMLLAIYEDHPWANRECVPMADLAGEKLLMLEDGHCLRDQAMGFCFEAGADEDTHFRATSLETLRNMVAAGSGITLLPALAVPPERKRDGVVYLPCIKPEPRRTIGLVYRPGSPLRSRYEQLAEAIRARMDGHFDKVLKQAV
birA	b3973	NP_418404.1	89	314	DNA-Binding-Region	22	41	MKDNTVPLKLIALLANGEFHSGEQLGETLGMSRAAINKHIQTLRDWGVDVFTVPGKGYSLPEPIQLLNAKQILGQLDGGSVAVLPVIDSTNQYLLDRIGELKSGDACIAEYQQAGRGRRGRKWFSPFGANLYLSMFWRLEQGPAAAIGLSLVIGIVMAEVLRKLGADKVRVKWPNDLYLQDRKLAGILVELTGKTGDAAQIVIGAGINMAMRRVEESVVNQGWITLQEAGINLDRNTLAAMLIRELRAALELFEQEGLAPYLSRWEKLDNFINRPVKLIIGDKEIFGISRGIDKQGALLLEQDGIIKPWMGGEISLRSAEK
birA	b3973	NP_418404.1	89	314	Conserved-Region	67	254	MKDNTVPLKLIALLANGEFHSGEQLGETLGMSRAAINKHIQTLRDWGVDVFTVPGKGYSLPEPIQLLNAKQILGQLDGGSVAVLPVIDSTNQYLLDRIGELKSGDACIAEYQQAGRGRRGRKWFSPFGANLYLSMFWRLEQGPAAAIGLSLVIGIVMAEVLRKLGADKVRVKWPNDLYLQDRKLAGILVELTGKTGDAAQIVIGAGINMAMRRVEESVVNQGWITLQEAGINLDRNTLAAMLIRELRAALELFEQEGLAPYLSRWEKLDNFINRPVKLIIGDKEIFGISRGIDKQGALLLEQDGIIKPWMGGEISLRSAEK
phoB	b0399	NP_414933.1	1	223	DNA-Binding-Region	129	227	MARRILVVEDEAPIREMVCFVLEQNGFQPVEAEDYDSAVNQLNEPWPDLILLDWMLPGGSGIQFIKHLKRESMTRDIPVVMLTARGEEEDRVRGLETGADDYITKPFSPKELVARIKAVMRRISPMAVEEVIEMQGLSLDPTSHRVMAGEEPLEMGPTEFKLLHFFMTHPERVYSREQLLNHVWGTNVYVEDRTVDVHIRRLRKALEPGGHDRMVQTVRGTGYRFSTRF
phoB	b0399	NP_414933.1	1	223	Conserved-Region	4	120	MARRILVVEDEAPIREMVCFVLEQNGFQPVEAEDYDSAVNQLNEPWPDLILLDWMLPGGSGIQFIKHLKRESMTRDIPVVMLTARGEEEDRVRGLETGADDYITKPFSPKELVARIKAVMRRISPMAVEEVIEMQGLSLDPTSHRVMAGEEPLEMGPTEFKLLHFFMTHPERVYSREQLLNHVWGTNVYVEDRTVDVHIRRLRKALEPGGHDRMVQTVRGTGYRFSTRF
hupA	b4000	NP_418428.1	1	89	NA	NA	NA	MNKTQLIDVIAEKAELSKTQAKAALESTLAAITESLKEGDAVQLVGFGTFKVNHRAERTGRNPQTGKEIKIAAANVPAFVSGKALKDAVK
zur	b4046	NP_418470.4	23	146	NA	NA	NA	MEKTTTQELLAQAEKICAQRNVRLTPQRLEVLRLMSLQDGAISAYDLLDLLREAEPQAKPPTVYRALDFLLEQGFVHKVESTNSYVLCHLFDQPTHTSAMFICDRCGAVKEECAEGVEDIMHTLAAKMGFALRHNVIEAHGLCAACVEVEACRHPEQCQHDHSVQVKKKPR
soxR	b4063	NP_418487.1	11	153	DNA-Binding-Region	14	33	MEKKLPRIKALLTPGEVAKRSGVAVSALHFYESKGLITSIRNSGNQRRYKRDVLRYVAIIKIAQRIGIPLATIGEAFGVLPEGHTLSAKEWKQLSSQWREELDRRIHTLVALRDELDGCIGCGCLSRSDCPLRNPGDRLGEEGTGARLLEDEQN
soxR	b4063	NP_418487.1	11	153	Conserved-Region	11	79	MEKKLPRIKALLTPGEVAKRSGVAVSALHFYESKGLITSIRNSGNQRRYKRDVLRYVAIIKIAQRIGIPLATIGEAFGVLPEGHTLSAKEWKQLSSQWREELDRRIHTLVALRDELDGCIGCGCLSRSDCPLRNPGDRLGEEGTGARLLEDEQN
basR	b4113	NP_418537.1	1	216	DNA-Binding-Region	124	218	MKILIVEDDTLLLQGLILAAQTEGYACDSVTTARMAEQSLEAGHYSLVVLDLGLPDEDGLHFLARIRQKKYTLPVLILTARDTLTDKIAGLDVGADDYLVKPFALEELHARIRALLRRHNNQGESELIVGNLTLNMGRRQVWMGGEELILTPKEYALLSRLMLKAGSPVHREILYNDIYNWDNEPSTNTLEVHIHNLRDKVGKARIRTVRGFGYMLVANEEN
basR	b4113	NP_418537.1	1	216	Conserved-Region	2	116	MKILIVEDDTLLLQGLILAAQTEGYACDSVTTARMAEQSLEAGHYSLVVLDLGLPDEDGLHFLARIRQKKYTLPVLILTARDTLTDKIAGLDVGADDYLVKPFALEELHARIRALLRRHNNQGESELIVGNLTLNMGRRQVWMGGEELILTPKEYALLSRLMLKAGSPVHREILYNDIYNWDNEPSTNTLEVHIHNLRDKVGKARIRTVRGFGYMLVANEEN
cadC	b4133	NP_418557.1	1	100	DNA-Binding-Region	3	102	MQQPVVRVGEWLVTPSINQISRNGRQLTLEPRLIDLLVFFAQHSGEVLSRDELIDNVWKRSIVTNHVVTQSISELRKSLKDNDEDSPVYIATVPKRGYKLMVPVIWYSEEEGEEIMLSSPPPIPEAVPATDSPSHSLNIQNTATPPEQSPVKSKRFTTFWVWFFFLLSLGICVALVAFSSLDTRLPMSKSRILLNPRDIDINMVNKSCNSWSSPYQLSYAIGVGDLVATSLNTFSTFMVHDKINYNIDEPSSSGKTLSIAFVNQRQYRAQQCFMSIKLVDNADGSTMLDKRYVITNGNQLAIQNDLLESLSKALNQPWPQRMQETLQKILPHRGALLTNFYQAHDYLLHGDDKSLNRASELLGEIVQSSPEFTYARAEKALVDIVRHSQHPLDEKQLAALNTEIDNIVTLPELNNLSIIYQIKAVSALVKGKTDESYQAINTGIDLEMSWLNYVLLGKVYEMKGMNREAADAYLTAFNLRPGANTLYWIENGIFQTSVPYVVPYLDKFLASE
cadC	b4133	NP_418557.1	1	100	Transmembrane-Region	155	180	MQQPVVRVGEWLVTPSINQISRNGRQLTLEPRLIDLLVFFAQHSGEVLSRDELIDNVWKRSIVTNHVVTQSISELRKSLKDNDEDSPVYIATVPKRGYKLMVPVIWYSEEEGEEIMLSSPPPIPEAVPATDSPSHSLNIQNTATPPEQSPVKSKRFTTFWVWFFFLLSLGICVALVAFSSLDTRLPMSKSRILLNPRDIDINMVNKSCNSWSSPYQLSYAIGVGDLVATSLNTFSTFMVHDKINYNIDEPSSSGKTLSIAFVNQRQYRAQQCFMSIKLVDNADGSTMLDKRYVITNGNQLAIQNDLLESLSKALNQPWPQRMQETLQKILPHRGALLTNFYQAHDYLLHGDDKSLNRASELLGEIVQSSPEFTYARAEKALVDIVRHSQHPLDEKQLAALNTEIDNIVTLPELNNLSIIYQIKAVSALVKGKTDESYQAINTGIDLEMSWLNYVLLGKVYEMKGMNREAADAYLTAFNLRPGANTLYWIENGIFQTSVPYVVPYLDKFLASE
nrdR	b0413	NP_414947.1	1	147	Zn-Finger-Region	3	34	MHCPFCFAVDTKVIDSRLVGEGSSVRRRRQCLVCNERFTTFEVAELVMPRVVKSNDVREPFNEEKLRSGMLRALEKRPVSSDDVEMAINHIKSQLRATGEREVPSKMIGNLVMEQLKKLDKVAYIRFASVYRSFEDIKEFGEEIARLED
nrdR	b0413	NP_414947.1	1	147	Conserved-Region	49	139	MHCPFCFAVDTKVIDSRLVGEGSSVRRRRQCLVCNERFTTFEVAELVMPRVVKSNDVREPFNEEKLRSGMLRALEKRPVSSDDVEMAINHIKSQLRATGEREVPSKMIGNLVMEQLKKLDKVAYIRFASVYRSFEDIKEFGEEIARLED
nsrR	b4178	NP_418599.1	1	139	DNA-Binding-Region	28	51	MQLTSFTDYGLRALIYMASLPEGRMTSISEVTDVYGVSRNHMVKIINQLSRAGYVTAVRGKNGGIRLGKPASAIRIGDVVRELEPLSLVNCSSEFCHITPACRLKQALSKAVQSFLTELDNYTLADLVEENQPLYKLLLVE
nsrR	b4178	NP_418599.1	1	139	Conserved-Region	2	129	MQLTSFTDYGLRALIYMASLPEGRMTSISEVTDVYGVSRNHMVKIINQLSRAGYVTAVRGKNGGIRLGKPASAIRIGDVVRELEPLSLVNCSSEFCHITPACRLKQALSKAVQSFLTELDNYTLADLVEENQPLYKLLLVE
aidB	b4187	NP_418608.6	9	449	Nucleotide-Phosphate-Binding-Region	423	433	MHWQTHTVFNQPIPLNNSNLYLSDGALCEAVTREGAGWDSDFLASIGQQLGTAESLELGRLANVNPPELLRYDAQGRRLDDVRFHPAWHLLMQALCTNRVHNLAWEEDARSGAFVARAARFMLHAQVEAGSLCPITMTFAATPLLLQMLPAPFQDWTTPLLSDRYDSHLLPGGQKRGLLIGMGMTEKQGGSDVMSNTTRAERLEDGSYRLVGHKWFFSVPQSDAHLVLAQTAGGLSCFFVPRFLPDGQRNAIRLERLKDKLGNRSNASCEVEFQDAIGWLLGLEGEGIRLILKMGGMTRFDCALGSHAMMRRAFSLAIYHAHQRHVFGNPLIQQPLMRHVLSRMALQLEGQTALLFRLARAWDRRADAKEALWARLFTPAAKFVICKRGMPFVAEAMEVLGGIGYCEESELPRLYREMPVNSIWEGSGNIMCLDVLRVLNKQAGVYDLLSEAFVEVKGQDRYFDRAVRRLQQQLRKPAEELGREITHQLFLLGCGAQMLKYASPPMAQAWCQVMLDTRGGVRLSEQIQNDLLLRATGGVCV
aidB	b4187	NP_418608.6	9	449	Nucleotide-Phosphate-Binding-Region	216	218	MHWQTHTVFNQPIPLNNSNLYLSDGALCEAVTREGAGWDSDFLASIGQQLGTAESLELGRLANVNPPELLRYDAQGRRLDDVRFHPAWHLLMQALCTNRVHNLAWEEDARSGAFVARAARFMLHAQVEAGSLCPITMTFAATPLLLQMLPAPFQDWTTPLLSDRYDSHLLPGGQKRGLLIGMGMTEKQGGSDVMSNTTRAERLEDGSYRLVGHKWFFSVPQSDAHLVLAQTAGGLSCFFVPRFLPDGQRNAIRLERLKDKLGNRSNASCEVEFQDAIGWLLGLEGEGIRLILKMGGMTRFDCALGSHAMMRRAFSLAIYHAHQRHVFGNPLIQQPLMRHVLSRMALQLEGQTALLFRLARAWDRRADAKEALWARLFTPAAKFVICKRGMPFVAEAMEVLGGIGYCEESELPRLYREMPVNSIWEGSGNIMCLDVLRVLNKQAGVYDLLSEAFVEVKGQDRYFDRAVRRLQQQLRKPAEELGREITHQLFLLGCGAQMLKYASPPMAQAWCQVMLDTRGGVRLSEQIQNDLLLRATGGVCV
aidB	b4187	NP_418608.6	9	449	Nucleotide-Phosphate-Binding-Region	182	191	MHWQTHTVFNQPIPLNNSNLYLSDGALCEAVTREGAGWDSDFLASIGQQLGTAESLELGRLANVNPPELLRYDAQGRRLDDVRFHPAWHLLMQALCTNRVHNLAWEEDARSGAFVARAARFMLHAQVEAGSLCPITMTFAATPLLLQMLPAPFQDWTTPLLSDRYDSHLLPGGQKRGLLIGMGMTEKQGGSDVMSNTTRAERLEDGSYRLVGHKWFFSVPQSDAHLVLAQTAGGLSCFFVPRFLPDGQRNAIRLERLKDKLGNRSNASCEVEFQDAIGWLLGLEGEGIRLILKMGGMTRFDCALGSHAMMRRAFSLAIYHAHQRHVFGNPLIQQPLMRHVLSRMALQLEGQTALLFRLARAWDRRADAKEALWARLFTPAAKFVICKRGMPFVAEAMEVLGGIGYCEESELPRLYREMPVNSIWEGSGNIMCLDVLRVLNKQAGVYDLLSEAFVEVKGQDRYFDRAVRRLQQQLRKPAEELGREITHQLFLLGCGAQMLKYASPPMAQAWCQVMLDTRGGVRLSEQIQNDLLLRATGGVCV
aidB	b4187	NP_418608.6	9	449	Catalytic-Domain	2	439	MHWQTHTVFNQPIPLNNSNLYLSDGALCEAVTREGAGWDSDFLASIGQQLGTAESLELGRLANVNPPELLRYDAQGRRLDDVRFHPAWHLLMQALCTNRVHNLAWEEDARSGAFVARAARFMLHAQVEAGSLCPITMTFAATPLLLQMLPAPFQDWTTPLLSDRYDSHLLPGGQKRGLLIGMGMTEKQGGSDVMSNTTRAERLEDGSYRLVGHKWFFSVPQSDAHLVLAQTAGGLSCFFVPRFLPDGQRNAIRLERLKDKLGNRSNASCEVEFQDAIGWLLGLEGEGIRLILKMGGMTRFDCALGSHAMMRRAFSLAIYHAHQRHVFGNPLIQQPLMRHVLSRMALQLEGQTALLFRLARAWDRRADAKEALWARLFTPAAKFVICKRGMPFVAEAMEVLGGIGYCEESELPRLYREMPVNSIWEGSGNIMCLDVLRVLNKQAGVYDLLSEAFVEVKGQDRYFDRAVRRLQQQLRKPAEELGREITHQLFLLGCGAQMLKYASPPMAQAWCQVMLDTRGGVRLSEQIQNDLLLRATGGVCV
aidB	b4187	NP_418608.6	9	449	DNA-Binding-Region	440	541	MHWQTHTVFNQPIPLNNSNLYLSDGALCEAVTREGAGWDSDFLASIGQQLGTAESLELGRLANVNPPELLRYDAQGRRLDDVRFHPAWHLLMQALCTNRVHNLAWEEDARSGAFVARAARFMLHAQVEAGSLCPITMTFAATPLLLQMLPAPFQDWTTPLLSDRYDSHLLPGGQKRGLLIGMGMTEKQGGSDVMSNTTRAERLEDGSYRLVGHKWFFSVPQSDAHLVLAQTAGGLSCFFVPRFLPDGQRNAIRLERLKDKLGNRSNASCEVEFQDAIGWLLGLEGEGIRLILKMGGMTRFDCALGSHAMMRRAFSLAIYHAHQRHVFGNPLIQQPLMRHVLSRMALQLEGQTALLFRLARAWDRRADAKEALWARLFTPAAKFVICKRGMPFVAEAMEVLGGIGYCEESELPRLYREMPVNSIWEGSGNIMCLDVLRVLNKQAGVYDLLSEAFVEVKGQDRYFDRAVRRLQQQLRKPAEELGREITHQLFLLGCGAQMLKYASPPMAQAWCQVMLDTRGGVRLSEQIQNDLLLRATGGVCV
ulaR	b4191	NP_418612.1	1	249	DNA-Binding-Region	20	39	MTEAQRHQILLEMLAQLGFVTVEKVVERLGISPATARRDINKLDESGKLKKVRNGAEAITQQRPRWTPMNLHQAQNHDEKVRIAKAASQLVNPGESVVINCGSTAFLLGREMCGKPVQIITNYLPLANYLIDQEHDSVIIMGGQYNKSQSITLSPQGSENSLYAGHWMFTSGKGLTAEGLYKTDMLTAMAEQKMLSVVGKLVVLVDSSKIGERAGMLFSRADQIDMLITGKNANPEILQQLEAQGVSILRV
ulaR	b4191	NP_418612.1	1	249	Conserved-Region	3	58	MTEAQRHQILLEMLAQLGFVTVEKVVERLGISPATARRDINKLDESGKLKKVRNGAEAITQQRPRWTPMNLHQAQNHDEKVRIAKAASQLVNPGESVVINCGSTAFLLGREMCGKPVQIITNYLPLANYLIDQEHDSVIIMGGQYNKSQSITLSPQGSENSLYAGHWMFTSGKGLTAEGLYKTDMLTAMAEQKMLSVVGKLVVLVDSSKIGERAGMLFSRADQIDMLITGKNANPEILQQLEAQGVSILRV
pepA	b4260	NP_418681.1	41	472	NA	NA	NA	MEFSVKSGSPEKQRSACIVVGVFEPRRLSPIAEQLDKISDGYISALLRRGELEGKPGQTLLLHHVPNVLSERILLIGCGKERELDERQYKQVIQKTINTLNDTGSMEAVCFLTELHVKGRNNYWKVRQAVETAKETLYSFDQLKTNKSEPRRPLRKMVFNVPTRRELTSGERAIQHGLAIAAGIKAAKDLGNMPPNICNAAYLASQARQLADSYSKNVITRVIGEQQMKELGMHSYLAVGQGSQNESLMSVIEYKGNASEDARPIVLVGKGLTFDSGGISIKPSEGMDEMKYDMCGAAAVYGVMRMVAELQLPINVIGVLAGCENMPGGRAYRPGDVLTTMSGQTVEVLNTDAEGRLVLCDVLTYVERFEPEAVIDVATLTGACVIALGHHITGLMANHNPLAHELIAASEQSGDRAWRLPLGDEYQEQLESNFADMANIGGRPGGAITAGCFLSRFTRKYNWAHLDIAGTAWRSGKAKGATGRPVALLAQFLLNRAGFNGEE
bolA	b0435	NP_414969.4	1	77	NA	NA	NA	MMIRERIEEKLRAAFQPVFLEVVDESYRHNVPAGSESHFKVVLVSDRFTGERFLNRHRMIYSTLAEELSTTVHALALHTYTIKEWEGLQDTVFASPPCRGAGSIA
rob	b4396	NP_418813.1	12	288	DNA-Binding-Region	73	96	MDQAGIIRDLLIWLEGHLDQPLSLDNVAAKAGYSKWHLQRMFKDVTGHAIGAYIRARRLSKSAVALRLTARPILDIALQYRFDSQQTFTRAFKKQFAQTPALYRRSPEWSAFGIRPPLRLGEFTMPEHKFVTLEDTPLIGVTQSYSCSLEQISDFRHEMRYQFWHDFLGNAPTIPPVLYGLNETRPSQDKDDEQEVFYTTALAQDQADGYVLTGHPVMLQGGEYVMFTYEGLGTGVQEFILTVYGTCMPMLNLTRRKGQDIERYYPAEDAKAGDRPINLRCELLIPIRR
rob	b4396	NP_418813.1	12	288	DNA-Binding-Region	25	46	MDQAGIIRDLLIWLEGHLDQPLSLDNVAAKAGYSKWHLQRMFKDVTGHAIGAYIRARRLSKSAVALRLTARPILDIALQYRFDSQQTFTRAFKKQFAQTPALYRRSPEWSAFGIRPPLRLGEFTMPEHKFVTLEDTPLIGVTQSYSCSLEQISDFRHEMRYQFWHDFLGNAPTIPPVLYGLNETRPSQDKDDEQEVFYTTALAQDQADGYVLTGHPVMLQGGEYVMFTYEGLGTGVQEFILTVYGTCMPMLNLTRRKGQDIERYYPAEDAKAGDRPINLRCELLIPIRR
rob	b4396	NP_418813.1	12	288	Conserved-Region	8	106	MDQAGIIRDLLIWLEGHLDQPLSLDNVAAKAGYSKWHLQRMFKDVTGHAIGAYIRARRLSKSAVALRLTARPILDIALQYRFDSQQTFTRAFKKQFAQTPALYRRSPEWSAFGIRPPLRLGEFTMPEHKFVTLEDTPLIGVTQSYSCSLEQISDFRHEMRYQFWHDFLGNAPTIPPVLYGLNETRPSQDKDDEQEVFYTTALAQDQADGYVLTGHPVMLQGGEYVMFTYEGLGTGVQEFILTVYGTCMPMLNLTRRKGQDIERYYPAEDAKAGDRPINLRCELLIPIRR
decR	b0447	NP_414981.4	2	152	DNA-Binding-Region	21	40	MLDKIDRKLLALLQQDCTLSLQALAEAVNLTTTPCWKRLKRLEDDGILIGKVALLDPEKIGLGLTAFVLIKTQHHSSEWYCRFVTVVTEMPEVLGFWRMAGEYDYLMRVQVADMKRYDEFYKRLVNSVPGLSDVTSSFAMEQIKYTTSLPIE
decR	b0447	NP_414981.4	2	152	Conserved-Region	2	63	MLDKIDRKLLALLQQDCTLSLQALAEAVNLTTTPCWKRLKRLEDDGILIGKVALLDPEKIGLGLTAFVLIKTQHHSSEWYCRFVTVVTEMPEVLGFWRMAGEYDYLMRVQVADMKRYDEFYKRLVNSVPGLSDVTSSFAMEQIKYTTSLPIE
gntR	b3438	YP_026222.1	4	300	DNA-Binding-Region	8	27	MKKKRPVLQDVADRVGVTKMTVSRFLRNPEQVSVALRGKIAAALDELGYIPNRAPDILSNATSRAIGVLLPSLTNQVFAEVLRGIESVTDAHGYQTMLAHYGYKPEMEQERLESMLSWNIDGLILTERTHTPRTLKMIEVAGIPVVELMDSKSPCLDIAVGFDNFEAARQMTTAIIARGHRHIAYLGARLDERTIIKQKGYEQAMLDAGLVPYSVMVEQSSSYSSGIELIRQARREYPQLDGVFCTNDDLAVGAAFECQRLGLKVPDDMAIAGFHGHDIGQVMEPRLASVLTPRERMGSIGAERLLARIRGESVTPKMLDLGFTLSPGGSI
gntR	b3438	YP_026222.1	4	300	Conserved-Region	6	60	MKKKRPVLQDVADRVGVTKMTVSRFLRNPEQVSVALRGKIAAALDELGYIPNRAPDILSNATSRAIGVLLPSLTNQVFAEVLRGIESVTDAHGYQTMLAHYGYKPEMEQERLESMLSWNIDGLILTERTHTPRTLKMIEVAGIPVVELMDSKSPCLDIAVGFDNFEAARQMTTAIIARGHRHIAYLGARLDERTIIKQKGYEQAMLDAGLVPYSVMVEQSSSYSSGIELIRQARREYPQLDGVFCTNDDLAVGAAFECQRLGLKVPDDMAIAGFHGHDIGQVMEPRLASVLTPRERMGSIGAERLLARIRGESVTPKMLDLGFTLSPGGSI
acrR	b0464	NP_414997.1	1	84	DNA-Binding-Region	33	52	MARKTKQEAQETRQHILDVALRLFSQQGVSSTSLGEIAKAAGVTRGAIYWHFKDKSDLFSEIWELSESNIGELELEYQAKFPGDPLSVLREILIHVLESTVTEERRRLLMEIIFHKCEFVGEMAVVQQAQRNLCLESYDRIEQTLKHCIEAKMLPADLMTRRAAIIMRGYISGLMENWLFAPQSFDLKKEARDYVAILLEMYLLCPTLRNPATNE
acrR	b0464	NP_414997.1	1	84	Conserved-Region	10	70	MARKTKQEAQETRQHILDVALRLFSQQGVSSTSLGEIAKAAGVTRGAIYWHFKDKSDLFSEIWELSESNIGELELEYQAKFPGDPLSVLREILIHVLESTVTEERRRLLMEIIFHKCEFVGEMAVVQQAQRNLCLESYDRIEQTLKHCIEAKMLPADLMTRRAAIIMRGYISGLMENWLFAPQSFDLKKEARDYVAILLEMYLLCPTLRNPATNE
yoeB	b4539	YP_588458.1	1	84	NA	NA	NA	MKLIWSEESWDDYLYWQETDKRIVKKINELIKDTRRTPFEGKGKPEPLKHNLSGFWSRRITEEHRLVYAVTDDSLLIAACRYHY
cueR	b0487	NP_415020.1	1	127	DNA-Binding-Region	4	23	MNISDVAKITGLTSKAIRFYEEKGLVTPPMRSENGYRTYTQQHLNELTLLRQARQVGFNLEESGELVNLFNDPQRHSADVKRRTLEKVAEIERHIEELQSMRDQLLALANACPGDDSADCPIIENLSGCCHHRAG
cueR	b0487	NP_415020.1	1	127	Conserved-Region	1	69	MNISDVAKITGLTSKAIRFYEEKGLVTPPMRSENGYRTYTQQHLNELTLLRQARQVGFNLEESGELVNLFNDPQRHSADVKRRTLEKVAEIERHIEELQSMRDQLLALANACPGDDSADCPIIENLSGCCHHRAG
cusR	b0571	NP_415103.1	1	222	DNA-Binding-Region	125	223	MKLLIVEDEKKTGEYLTKGLTEAGFVVDLADNGLNGYHLAMTGDYDLIILDIMLPDVNGWDIVRMLRSANKGMPILLLTALGTIEHRVKGLELGADDYLVKPFAFAELLARVRTLLRRGAAVIIESQFQVADLMVDLVSRKVTRSGTRITLTSKEFTLLEFFLRHQGEVLPRSLIASQVWDMNFDSDTNAIDVAVKRLRGKIDNDFEPKLIQTVRGVGYMLEVPDGQ
cusR	b0571	NP_415103.1	1	222	Conserved-Region	2	116	MKLLIVEDEKKTGEYLTKGLTEAGFVVDLADNGLNGYHLAMTGDYDLIILDIMLPDVNGWDIVRMLRSANKGMPILLLTALGTIEHRVKGLELGADDYLVKPFAFAELLARVRTLLRRGAAVIIESQFQVADLMVDLVSRKVTRSGTRITLTSKEFTLLEFFLRHQGEVLPRSLIASQVWDMNFDSDTNAIDVAVKRLRGKIDNDFEPKLIQTVRGVGYMLEVPDGQ
fur	b0683	NP_415209.1	12	131	NA	NA	NA	MTDNNTALKKAGLKVTLPRLKILEVLQEPDNHHVSAEDLYKRLIDMGEEIGLATVYRVLNQFDDAGIVTRHNFEGGKSVFELTQQHHHDHLICLDCGKVIEFSDDSIEARQREIAAKHGIRLTNHSLYLYGHCAEGDCREDEHAHEGK
kdpE	b0694	NP_415222.1	2	223	DNA-Binding-Region	126	225	MTNVLIVEDEQAIRRFLRTALEGDGMRVFEAETLQRGLLEAATRKPDLIILDLGLPDGDGIEFIRDLRQWSAVPVIVLSARSEESDKIAALDAGADDYLSKPFGIGELQARLRVALRRHSATTAPDPLVKFSDVTVDLAARVIHRGEEEVHLTPIEFRLLAVLLNNAGKVLTQRQLLNQVWGPNAVEHSHYLRIYMGHLRQKLEQDPARPRHFITETGIGYRFML
kdpE	b0694	NP_415222.1	2	223	Conserved-Region	3	116	MTNVLIVEDEQAIRRFLRTALEGDGMRVFEAETLQRGLLEAATRKPDLIILDLGLPDGDGIEFIRDLRQWSAVPVIVLSARSEESDKIAALDAGADDYLSKPFGIGELQARLRVALRRHSATTAPDPLVKFSDVTVDLAARVIHRGEEEVHLTPIEFRLLAVLLNNAGKVLTQRQLLNQVWGPNAVEHSHYLRIYMGHLRQKLEQDPARPRHFITETGIGYRFML
cecR	b0796	NP_415317.4	2	214	DNA-Binding-Region	33	52	MNNPAMTIKGEQAKKQLIAAALAQFGEYGMNATTREIAAQAGQNIAAITYYFGSKEDLYLACAQWIADFIGEQFRPHAEEAERLFAQPQPDRAAIRELILRACRNMIKLLTQDDTVNLSKFISREQLSPTAAYHLVHEQVISPLHSHLTRLIAAWTGCDANDTRMILHTHALIGEILAFRLGKETILLRTGWTAFDEEKTELINQTVTCHIDLILQGLSQRSL
cecR	b0796	NP_415317.4	2	214	Conserved-Region	11	70	MNNPAMTIKGEQAKKQLIAAALAQFGEYGMNATTREIAAQAGQNIAAITYYFGSKEDLYLACAQWIADFIGEQFRPHAEEAERLFAQPQPDRAAIRELILRACRNMIKLLTQDDTVNLSKFISREQLSPTAAYHLVHEQVISPLHSHLTRLIAAWTGCDANDTRMILHTHALIGEILAFRLGKETILLRTGWTAFDEEKTELINQTVTCHIDLILQGLSQRSL
lrp	b0889	NP_415409.1	11	155	DNA-Binding-Region	31	50	MVDSKKRPGKDLDRIDRNILNELQKDGRISNVELSKRVGLSPTPCLERVRRLERQGFIQGYTALLNPHYLDASLLVFVEITLNRGAPDVFEQFNTAVQKLEEIQECHLVSGDFDYLLKTRVPDMSAYRKLLGETLLRLPGVNDTRTYVVMEEVKQSNRLVIKTR
lrp	b0889	NP_415409.1	11	155	Conserved-Region	12	73	MVDSKKRPGKDLDRIDRNILNELQKDGRISNVELSKRVGLSPTPCLERVRRLERQGFIQGYTALLNPHYLDASLLVFVEITLNRGAPDVFEQFNTAVQKLEEIQECHLVSGDFDYLLKTRVPDMSAYRKLLGETLLRLPGVNDTRTYVVMEEVKQSNRLVIKTR
ihfB	b0912	NP_415432.1	1	91	NA	NA	NA	MTKSELIERLATQQSHIPAKTVEDAVKEMLEHMASTLAQGERIEIRGFGSFSLHYRAPRTGRNPKTGDKVELEGKYVPHFKPGKELRDRANIYG
rutR	b1013	NP_415533.1	29	211	DNA-Binding-Region	39	58	MTQGAVKTTGKRSRAVSAKKKAILSAALDTFSQFGFHGTRLEQIAELAGVSKTNLLYYFPSKEALYIAVLRQILDIWLAPLKAFREDFAPLAAIKEYIRLKLEVSRDYPQASRLFCMEMLAGAPLLMDELTGDLKALIDEKSALIAGWVKSGKLAPIDPQHLIFMIWASTQHYADFAPQVEAVTGATLRDEVFFNQTVENVQRIIIEGIRPR
rutR	b1013	NP_415533.1	29	211	Conserved-Region	17	77	MTQGAVKTTGKRSRAVSAKKKAILSAALDTFSQFGFHGTRLEQIAELAGVSKTNLLYYFPSKEALYIAVLRQILDIWLAPLKAFREDFAPLAAIKEYIRLKLEVSRDYPQASRLFCMEMLAGAPLLMDELTGDLKALIDEKSALIAGWVKSGKLAPIDPQHLIFMIWASTQHYADFAPQVEAVTGATLRDEVFFNQTVENVQRIIIEGIRPR
putA	b1014	NP_415534.1	68	1320	NA	NA	NA	MGTTTMGVKLDDATRERIKSAATRIDRTPHWLIKQAIFSYLEQLENSDTLPELPALLSGAANESDEAPTPAEEPHQPFLDFAEQILPQSVSRAAITAAYRRPETEAVSMLLEQARLPQPVAEQAHKLAYQLADKLRNQKNASGRAGMVQGLLQEFSLSSQEGVALMCLAEALLRIPDKATRDALIRDKISNGNWQSHIGRSPSLFVNAATWGLLFTGKLVSTHNEASLSRSLNRIIGKSGEPLIRKGVDMAMRLMGEQFVTGETIAEALANARKLEEKGFRYSYDMLGEAALTAADAQAYMVSYQQAIHAIGKASNGRGIYEGPGISIKLSALHPRYSRAQYDRVMEELYPRLKSLTLLARQYDIGINIDAEESDRLEISLDLLEKLCFEPELAGWNGIGFVIQAYQKRCPLVIDYLIDLATRSRRRLMIRLVKGAYWDSEIKRAQMDGLEGYPVYTRKVYTDVSYLACAKKLLAVPNLIYPQFATHNAHTLAAIYQLAGQNYYPGQYEFQCLHGMGEPLYEQVTGKVADGKLNRPCRIYAPVGTHETLLAYLVRRLLENGANTSFVNRIADTSLPLDELVADPVTAVEKLAQQEGQTGLPHPKIPLPRDLYGHGRDNSAGLDLANEHRLASLSSALLNSALQKWQALPMLEQPVAAGEMSPVINPAEPKDIVGYVREATPREVEQALESAVNNAPIWFATPPAERAAILHRAAVLMESQMQQLIGILVREAGKTFSNAIAEVREAVDFLHYYAGQVRDDFANETHRPLGPVVCISPWNFPLAIFTGQIAAALAAGNSVLAKPAEQTPLIAAQGIAILLEAGVPPGVVQLLPGRGETVGAQLTGDDRVRGVMFTGSTEVATLLQRNIASRLDAQGRPIPLIAETGGMNAMIVDSSALTEQVVVDVLASAFDSAGQRCSALRVLCLQDEIADHTLKMLRGAMAECRMGNPGRLTTDIGPVIDSEAKANIERHIQTMRSKGRPVFQAVRENSEDAREWQSGTFVAPTLIELDDFAELQKEVFGPVLHVVRYNRNQLPELIEQINASGYGLTLGVHTRIDETIAQVTGSAHVGNLYVNRNMVGAVVGVQPFGGEGLSGTGPKAGGPLYLYRLLANRPESALAVTLARQDAKYPVDAQLKAALTQPLNALREWAANRPELQALCTQYGELAQAGTQRLLPGPTGERNTWTLLPRERVLCIADDEQDALTQLAAVLAVGSQVLWPDDALHRQLVKALPSAVSERIQLAKAENITAQPFDAVIFHGDSDQLRALCEAVAARDGTIVSVQGFARGESNILLERLYIERSLSVNTAAAGGNASLMTIG
